,survived,pclass,sex,age,sibsp,parch,fare,embarked,class,who,adult_male,deck,embark_town,alive,alone,total_bill,tip,sex,smoker,day,time,size
0,0,3,male,22.0,1,0,7.25,S,Third,man,True,,Southampton,no,False,16.99,1.01,Female,No,Sun,Dinner,2.0
1,1,1,female,38.0,1,0,71.2833,C,First,woman,False,C,Cherbourg,yes,False,10.34,1.66,Male,No,Sun,Dinner,3.0
2,1,3,female,26.0,0,0,7.925,S,Third,woman,False,,Southampton,yes,True,21.01,3.5,Male,No,Sun,Dinner,3.0
3,1,1,female,35.0,1,0,53.1,S,First,woman,False,C,Southampton,yes,False,23.68,3.31,Male,No,Sun,Dinner,2.0
4,0,3,male,35.0,0,0,8.05,S,Third,man,True,,Southampton,no,True,24.59,3.61,Female,No,Sun,Dinner,4.0
5,0,3,male,,0,0,8.4583,Q,Third,man,True,,Queenstown,no,True,25.29,4.71,Male,No,Sun,Dinner,4.0
6,0,1,male,54.0,0,0,51.8625,S,First,man,True,E,Southampton,no,True,8.77,2.0,Male,No,Sun,Dinner,2.0
7,0,3,male,2.0,3,1,21.075,S,Third,child,False,,Southampton,no,False,26.88,3.12,Male,No,Sun,Dinner,4.0
8,1,3,female,27.0,0,2,11.1333,S,Third,woman,False,,Southampton,yes,False,15.04,1.96,Male,No,Sun,Dinner,2.0
9,1,2,female,14.0,1,0,30.0708,C,Second,child,False,,Cherbourg,yes,False,14.78,3.23,Male,No,Sun,Dinner,2.0
10,1,3,female,4.0,1,1,16.7,S,Third,child,False,G,Southampton,yes,False,10.27,1.71,Male,No,Sun,Dinner,2.0
11,1,1,female,58.0,0,0,26.55,S,First,woman,False,C,Southampton,yes,True,35.26,5.0,Female,No,Sun,Dinner,4.0
12,0,3,male,20.0,0,0,8.05,S,Third,man,True,,Southampton,no,True,15.42,1.57,Male,No,Sun,Dinner,2.0
13,0,3,male,39.0,1,5,31.275,S,Third,man,True,,Southampton,no,False,18.43,3.0,Male,No,Sun,Dinner,4.0
14,0,3,female,14.0,0,0,7.8542,S,Third,child,False,,Southampton,no,True,14.83,3.02,Female,No,Sun,Dinner,2.0
15,1,2,female,55.0,0,0,16.0,S,Second,woman,False,,Southampton,yes,True,21.58,3.92,Male,No,Sun,Dinner,2.0
16,0,3,male,2.0,4,1,29.125,Q,Third,child,False,,Queenstown,no,False,10.33,1.67,Female,No,Sun,Dinner,3.0
17,1,2,male,,0,0,13.0,S,Second,man,True,,Southampton,yes,True,16.29,3.71,Male,No,Sun,Dinner,3.0
18,0,3,female,31.0,1,0,18.0,S,Third,woman,False,,Southampton,no,False,16.97,3.5,Female,No,Sun,Dinner,3.0
19,1,3,female,,0,0,7.225,C,Third,woman,False,,Cherbourg,yes,True,20.65,3.35,Male,No,Sat,Dinner,3.0
20,0,2,male,35.0,0,0,26.0,S,Second,man,True,,Southampton,no,True,17.92,4.08,Male,No,Sat,Dinner,2.0
21,1,2,male,34.0,0,0,13.0,S,Second,man,True,D,Southampton,yes,True,20.29,2.75,Female,No,Sat,Dinner,2.0
22,1,3,female,15.0,0,0,8.0292,Q,Third,child,False,,Queenstown,yes,True,15.77,2.23,Female,No,Sat,Dinner,2.0
23,1,1,male,28.0,0,0,35.5,S,First,man,True,A,Southampton,yes,True,39.42,7.58,Male,No,Sat,Dinner,4.0
24,0,3,female,8.0,3,1,21.075,S,Third,child,False,,Southampton,no,False,19.82,3.18,Male,No,Sat,Dinner,2.0
25,1,3,female,38.0,1,5,31.3875,S,Third,woman,False,,Southampton,yes,False,17.81,2.34,Male,No,Sat,Dinner,4.0
26,0,3,male,,0,0,7.225,C,Third,man,True,,Cherbourg,no,True,13.37,2.0,Male,No,Sat,Dinner,2.0
27,0,1,male,19.0,3,2,263.0,S,First,man,True,C,Southampton,no,False,12.69,2.0,Male,No,Sat,Dinner,2.0
28,1,3,female,,0,0,7.8792,Q,Third,woman,False,,Queenstown,yes,True,21.7,4.3,Male,No,Sat,Dinner,2.0
29,0,3,male,,0,0,7.8958,S,Third,man,True,,Southampton,no,True,19.65,3.0,Female,No,Sat,Dinner,2.0
30,0,1,male,40.0,0,0,27.7208,C,First,man,True,,Cherbourg,no,True,9.55,1.45,Male,No,Sat,Dinner,2.0
31,1,1,female,,1,0,146.5208,C,First,woman,False,B,Cherbourg,yes,False,18.35,2.5,Male,No,Sat,Dinner,4.0
32,1,3,female,,0,0,7.75,Q,Third,woman,False,,Queenstown,yes,True,15.06,3.0,Female,No,Sat,Dinner,2.0
33,0,2,male,66.0,0,0,10.5,S,Second,man,True,,Southampton,no,True,20.69,2.45,Female,No,Sat,Dinner,4.0
34,0,1,male,28.0,1,0,82.1708,C,First,man,True,,Cherbourg,no,False,17.78,3.27,Male,No,Sat,Dinner,2.0
35,0,1,male,42.0,1,0,52.0,S,First,man,True,,Southampton,no,False,24.06,3.6,Male,No,Sat,Dinner,3.0
36,1,3,male,,0,0,7.2292,C,Third,man,True,,Cherbourg,yes,True,16.31,2.0,Male,No,Sat,Dinner,3.0
37,0,3,male,21.0,0,0,8.05,S,Third,man,True,,Southampton,no,True,16.93,3.07,Female,No,Sat,Dinner,3.0
38,0,3,female,18.0,2,0,18.0,S,Third,woman,False,,Southampton,no,False,18.69,2.31,Male,No,Sat,Dinner,3.0
39,1,3,female,14.0,1,0,11.2417,C,Third,child,False,,Cherbourg,yes,False,31.27,5.0,Male,No,Sat,Dinner,3.0
40,0,3,female,40.0,1,0,9.475,S,Third,woman,False,,Southampton,no,False,16.04,2.24,Male,No,Sat,Dinner,3.0
41,0,2,female,27.0,1,0,21.0,S,Second,woman,False,,Southampton,no,False,17.46,2.54,Male,No,Sun,Dinner,2.0
42,0,3,male,,0,0,7.8958,C,Third,man,True,,Cherbourg,no,True,13.94,3.06,Male,No,Sun,Dinner,2.0
43,1,2,female,3.0,1,2,41.5792,C,Second,child,False,,Cherbourg,yes,False,9.68,1.32,Male,No,Sun,Dinner,2.0
44,1,3,female,19.0,0,0,7.8792,Q,Third,woman,False,,Queenstown,yes,True,30.4,5.6,Male,No,Sun,Dinner,4.0
45,0,3,male,,0,0,8.05,S,Third,man,True,,Southampton,no,True,18.29,3.0,Male,No,Sun,Dinner,2.0
46,0,3,male,,1,0,15.5,Q,Third,man,True,,Queenstown,no,False,22.23,5.0,Male,No,Sun,Dinner,2.0
47,1,3,female,,0,0,7.75,Q,Third,woman,False,,Queenstown,yes,True,32.4,6.0,Male,No,Sun,Dinner,4.0
48,0,3,male,,2,0,21.6792,C,Third,man,True,,Cherbourg,no,False,28.55,2.05,Male,No,Sun,Dinner,3.0
49,0,3,female,18.0,1,0,17.8,S,Third,woman,False,,Southampton,no,False,18.04,3.0,Male,No,Sun,Dinner,2.0
50,0,3,male,7.0,4,1,39.6875,S,Third,child,False,,Southampton,no,False,12.54,2.5,Male,No,Sun,Dinner,2.0
51,0,3,male,21.0,0,0,7.8,S,Third,man,True,,Southampton,no,True,10.29,2.6,Female,No,Sun,Dinner,2.0
52,1,1,female,49.0,1,0,76.7292,C,First,woman,False,D,Cherbourg,yes,False,34.81,5.2,Female,No,Sun,Dinner,4.0
53,1,2,female,29.0,1,0,26.0,S,Second,woman,False,,Southampton,yes,False,9.94,1.56,Male,No,Sun,Dinner,2.0
54,0,1,male,65.0,0,1,61.9792,C,First,man,True,B,Cherbourg,no,False,25.56,4.34,Male,No,Sun,Dinner,4.0
55,1,1,male,,0,0,35.5,S,First,man,True,C,Southampton,yes,True,19.49,3.51,Male,No,Sun,Dinner,2.0
56,1,2,female,21.0,0,0,10.5,S,Second,woman,False,,Southampton,yes,True,38.01,3.0,Male,Yes,Sat,Dinner,4.0
57,0,3,male,28.5,0,0,7.2292,C,Third,man,True,,Cherbourg,no,True,26.41,1.5,Female,No,Sat,Dinner,2.0
58,1,2,female,5.0,1,2,27.75,S,Second,child,False,,Southampton,yes,False,11.24,1.76,Male,Yes,Sat,Dinner,2.0
59,0,3,male,11.0,5,2,46.9,S,Third,child,False,,Southampton,no,False,48.27,6.73,Male,No,Sat,Dinner,4.0
60,0,3,male,22.0,0,0,7.2292,C,Third,man,True,,Cherbourg,no,True,20.29,3.21,Male,Yes,Sat,Dinner,2.0
61,1,1,female,38.0,0,0,80.0,,First,woman,False,B,,yes,True,13.81,2.0,Male,Yes,Sat,Dinner,2.0
62,0,1,male,45.0,1,0,83.475,S,First,man,True,C,Southampton,no,False,11.02,1.98,Male,Yes,Sat,Dinner,2.0
63,0,3,male,4.0,3,2,27.9,S,Third,child,False,,Southampton,no,False,18.29,3.76,Male,Yes,Sat,Dinner,4.0
64,0,1,male,,0,0,27.7208,C,First,man,True,,Cherbourg,no,True,17.59,2.64,Male,No,Sat,Dinner,3.0
65,1,3,male,,1,1,15.2458,C,Third,man,True,,Cherbourg,yes,False,20.08,3.15,Male,No,Sat,Dinner,3.0
66,1,2,female,29.0,0,0,10.5,S,Second,woman,False,F,Southampton,yes,True,16.45,2.47,Female,No,Sat,Dinner,2.0
67,0,3,male,19.0,0,0,8.1583,S,Third,man,True,,Southampton,no,True,3.07,1.0,Female,Yes,Sat,Dinner,1.0
68,1,3,female,17.0,4,2,7.925,S,Third,woman,False,,Southampton,yes,False,20.23,2.01,Male,No,Sat,Dinner,2.0
69,0,3,male,26.0,2,0,8.6625,S,Third,man,True,,Southampton,no,False,15.01,2.09,Male,Yes,Sat,Dinner,2.0
70,0,2,male,32.0,0,0,10.5,S,Second,man,True,,Southampton,no,True,12.02,1.97,Male,No,Sat,Dinner,2.0
71,0,3,female,16.0,5,2,46.9,S,Third,woman,False,,Southampton,no,False,17.07,3.0,Female,No,Sat,Dinner,3.0
72,0,2,male,21.0,0,0,73.5,S,Second,man,True,,Southampton,no,True,26.86,3.14,Female,Yes,Sat,Dinner,2.0
73,0,3,male,26.0,1,0,14.4542,C,Third,man,True,,Cherbourg,no,False,25.28,5.0,Female,Yes,Sat,Dinner,2.0
74,1,3,male,32.0,0,0,56.4958,S,Third,man,True,,Southampton,yes,True,14.73,2.2,Female,No,Sat,Dinner,2.0
75,0,3,male,25.0,0,0,7.65,S,Third,man,True,F,Southampton,no,True,10.51,1.25,Male,No,Sat,Dinner,2.0
76,0,3,male,,0,0,7.8958,S,Third,man,True,,Southampton,no,True,17.92,3.08,Male,Yes,Sat,Dinner,2.0
77,0,3,male,,0,0,8.05,S,Third,man,True,,Southampton,no,True,27.2,4.0,Male,No,Thur,Lunch,4.0
78,1,2,male,0.83,0,2,29.0,S,Second,child,False,,Southampton,yes,False,22.76,3.0,Male,No,Thur,Lunch,2.0
79,1,3,female,30.0,0,0,12.475,S,Third,woman,False,,Southampton,yes,True,17.29,2.71,Male,No,Thur,Lunch,2.0
80,0,3,male,22.0,0,0,9.0,S,Third,man,True,,Southampton,no,True,19.44,3.0,Male,Yes,Thur,Lunch,2.0
81,1,3,male,29.0,0,0,9.5,S,Third,man,True,,Southampton,yes,True,16.66,3.4,Male,No,Thur,Lunch,2.0
82,1,3,female,,0,0,7.7875,Q,Third,woman,False,,Queenstown,yes,True,10.07,1.83,Female,No,Thur,Lunch,1.0
83,0,1,male,28.0,0,0,47.1,S,First,man,True,,Southampton,no,True,32.68,5.0,Male,Yes,Thur,Lunch,2.0
84,1,2,female,17.0,0,0,10.5,S,Second,woman,False,,Southampton,yes,True,15.98,2.03,Male,No,Thur,Lunch,2.0
85,1,3,female,33.0,3,0,15.85,S,Third,woman,False,,Southampton,yes,False,34.83,5.17,Female,No,Thur,Lunch,4.0
86,0,3,male,16.0,1,3,34.375,S,Third,man,True,,Southampton,no,False,13.03,2.0,Male,No,Thur,Lunch,2.0
87,0,3,male,,0,0,8.05,S,Third,man,True,,Southampton,no,True,18.28,4.0,Male,No,Thur,Lunch,2.0
88,1,1,female,23.0,3,2,263.0,S,First,woman,False,C,Southampton,yes,False,24.71,5.85,Male,No,Thur,Lunch,2.0
89,0,3,male,24.0,0,0,8.05,S,Third,man,True,,Southampton,no,True,21.16,3.0,Male,No,Thur,Lunch,2.0
90,0,3,male,29.0,0,0,8.05,S,Third,man,True,,Southampton,no,True,28.97,3.0,Male,Yes,Fri,Dinner,2.0
91,0,3,male,20.0,0,0,7.8542,S,Third,man,True,,Southampton,no,True,22.49,3.5,Male,No,Fri,Dinner,2.0
92,0,1,male,46.0,1,0,61.175,S,First,man,True,E,Southampton,no,False,5.75,1.0,Female,Yes,Fri,Dinner,2.0
93,0,3,male,26.0,1,2,20.575,S,Third,man,True,,Southampton,no,False,16.32,4.3,Female,Yes,Fri,Dinner,2.0
94,0,3,male,59.0,0,0,7.25,S,Third,man,True,,Southampton,no,True,22.75,3.25,Female,No,Fri,Dinner,2.0
95,0,3,male,,0,0,8.05,S,Third,man,True,,Southampton,no,True,40.17,4.73,Male,Yes,Fri,Dinner,4.0
96,0,1,male,71.0,0,0,34.6542,C,First,man,True,A,Cherbourg,no,True,27.28,4.0,Male,Yes,Fri,Dinner,2.0
97,1,1,male,23.0,0,1,63.3583,C,First,man,True,D,Cherbourg,yes,False,12.03,1.5,Male,Yes,Fri,Dinner,2.0
98,1,2,female,34.0,0,1,23.0,S,Second,woman,False,,Southampton,yes,False,21.01,3.0,Male,Yes,Fri,Dinner,2.0
99,0,2,male,34.0,1,0,26.0,S,Second,man,True,,Southampton,no,False,12.46,1.5,Male,No,Fri,Dinner,2.0
100,0,3,female,28.0,0,0,7.8958,S,Third,woman,False,,Southampton,no,True,11.35,2.5,Female,Yes,Fri,Dinner,2.0
101,0,3,male,,0,0,7.8958,S,Third,man,True,,Southampton,no,True,15.38,3.0,Female,Yes,Fri,Dinner,2.0
102,0,1,male,21.0,0,1,77.2875,S,First,man,True,D,Southampton,no,False,44.3,2.5,Female,Yes,Sat,Dinner,3.0
103,0,3,male,33.0,0,0,8.6542,S,Third,man,True,,Southampton,no,True,22.42,3.48,Female,Yes,Sat,Dinner,2.0
104,0,3,male,37.0,2,0,7.925,S,Third,man,True,,Southampton,no,False,20.92,4.08,Female,No,Sat,Dinner,2.0
105,0,3,male,28.0,0,0,7.8958,S,Third,man,True,,Southampton,no,True,15.36,1.64,Male,Yes,Sat,Dinner,2.0
106,1,3,female,21.0,0,0,7.65,S,Third,woman,False,,Southampton,yes,True,20.49,4.06,Male,Yes,Sat,Dinner,2.0
107,1,3,male,,0,0,7.775,S,Third,man,True,,Southampton,yes,True,25.21,4.29,Male,Yes,Sat,Dinner,2.0
108,0,3,male,38.0,0,0,7.8958,S,Third,man,True,,Southampton,no,True,18.24,3.76,Male,No,Sat,Dinner,2.0
109,1,3,female,,1,0,24.15,Q,Third,woman,False,,Queenstown,yes,False,14.31,4.0,Female,Yes,Sat,Dinner,2.0
110,0,1,male,47.0,0,0,52.0,S,First,man,True,C,Southampton,no,True,14.0,3.0,Male,No,Sat,Dinner,2.0
111,0,3,female,14.5,1,0,14.4542,C,Third,child,False,,Cherbourg,no,False,7.25,1.0,Female,No,Sat,Dinner,1.0
112,0,3,male,22.0,0,0,8.05,S,Third,man,True,,Southampton,no,True,38.07,4.0,Male,No,Sun,Dinner,3.0
113,0,3,female,20.0,1,0,9.825,S,Third,woman,False,,Southampton,no,False,23.95,2.55,Male,No,Sun,Dinner,2.0
114,0,3,female,17.0,0,0,14.4583,C,Third,woman,False,,Cherbourg,no,True,25.71,4.0,Female,No,Sun,Dinner,3.0
115,0,3,male,21.0,0,0,7.925,S,Third,man,True,,Southampton,no,True,17.31,3.5,Female,No,Sun,Dinner,2.0
116,0,3,male,70.5,0,0,7.75,Q,Third,man,True,,Queenstown,no,True,29.93,5.07,Male,No,Sun,Dinner,4.0
117,0,2,male,29.0,1,0,21.0,S,Second,man,True,,Southampton,no,False,10.65,1.5,Female,No,Thur,Lunch,2.0
118,0,1,male,24.0,0,1,247.5208,C,First,man,True,B,Cherbourg,no,False,12.43,1.8,Female,No,Thur,Lunch,2.0
119,0,3,female,2.0,4,2,31.275,S,Third,child,False,,Southampton,no,False,24.08,2.92,Female,No,Thur,Lunch,4.0
120,0,2,male,21.0,2,0,73.5,S,Second,man,True,,Southampton,no,False,11.69,2.31,Male,No,Thur,Lunch,2.0
121,0,3,male,,0,0,8.05,S,Third,man,True,,Southampton,no,True,13.42,1.68,Female,No,Thur,Lunch,2.0
122,0,2,male,32.5,1,0,30.0708,C,Second,man,True,,Cherbourg,no,False,14.26,2.5,Male,No,Thur,Lunch,2.0
123,1,2,female,32.5,0,0,13.0,S,Second,woman,False,E,Southampton,yes,True,15.95,2.0,Male,No,Thur,Lunch,2.0
124,0,1,male,54.0,0,1,77.2875,S,First,man,True,D,Southampton,no,False,12.48,2.52,Female,No,Thur,Lunch,2.0
125,1,3,male,12.0,1,0,11.2417,C,Third,child,False,,Cherbourg,yes,False,29.8,4.2,Female,No,Thur,Lunch,6.0
126,0,3,male,,0,0,7.75,Q,Third,man,True,,Queenstown,no,True,8.52,1.48,Male,No,Thur,Lunch,2.0
127,1,3,male,24.0,0,0,7.1417,S,Third,man,True,,Southampton,yes,True,14.52,2.0,Female,No,Thur,Lunch,2.0
128,1,3,female,,1,1,22.3583,C,Third,woman,False,F,Cherbourg,yes,False,11.38,2.0,Female,No,Thur,Lunch,2.0
129,0,3,male,45.0,0,0,6.975,S,Third,man,True,,Southampton,no,True,22.82,2.18,Male,No,Thur,Lunch,3.0
130,0,3,male,33.0,0,0,7.8958,C,Third,man,True,,Cherbourg,no,True,19.08,1.5,Male,No,Thur,Lunch,2.0
131,0,3,male,20.0,0,0,7.05,S,Third,man,True,,Southampton,no,True,20.27,2.83,Female,No,Thur,Lunch,2.0
132,0,3,female,47.0,1,0,14.5,S,Third,woman,False,,Southampton,no,False,11.17,1.5,Female,No,Thur,Lunch,2.0
133,1,2,female,29.0,1,0,26.0,S,Second,woman,False,,Southampton,yes,False,12.26,2.0,Female,No,Thur,Lunch,2.0
134,0,2,male,25.0,0,0,13.0,S,Second,man,True,,Southampton,no,True,18.26,3.25,Female,No,Thur,Lunch,2.0
135,0,2,male,23.0,0,0,15.0458,C,Second,man,True,,Cherbourg,no,True,8.51,1.25,Female,No,Thur,Lunch,2.0
136,1,1,female,19.0,0,2,26.2833,S,First,woman,False,D,Southampton,yes,False,10.33,2.0,Female,No,Thur,Lunch,2.0
137,0,1,male,37.0,1,0,53.1,S,First,man,True,C,Southampton,no,False,14.15,2.0,Female,No,Thur,Lunch,2.0
138,0,3,male,16.0,0,0,9.2167,S,Third,man,True,,Southampton,no,True,16.0,2.0,Male,Yes,Thur,Lunch,2.0
139,0,1,male,24.0,0,0,79.2,C,First,man,True,B,Cherbourg,no,True,13.16,2.75,Female,No,Thur,Lunch,2.0
140,0,3,female,,0,2,15.2458,C,Third,woman,False,,Cherbourg,no,False,17.47,3.5,Female,No,Thur,Lunch,2.0
141,1,3,female,22.0,0,0,7.75,S,Third,woman,False,,Southampton,yes,True,34.3,6.7,Male,No,Thur,Lunch,6.0
142,1,3,female,24.0,1,0,15.85,S,Third,woman,False,,Southampton,yes,False,41.19,5.0,Male,No,Thur,Lunch,5.0
143,0,3,male,19.0,0,0,6.75,Q,Third,man,True,,Queenstown,no,True,27.05,5.0,Female,No,Thur,Lunch,6.0
144,0,2,male,18.0,0,0,11.5,S,Second,man,True,,Southampton,no,True,16.43,2.3,Female,No,Thur,Lunch,2.0
145,0,2,male,19.0,1,1,36.75,S,Second,man,True,,Southampton,no,False,8.35,1.5,Female,No,Thur,Lunch,2.0
146,1,3,male,27.0,0,0,7.7958,S,Third,man,True,,Southampton,yes,True,18.64,1.36,Female,No,Thur,Lunch,3.0
147,0,3,female,9.0,2,2,34.375,S,Third,child,False,,Southampton,no,False,11.87,1.63,Female,No,Thur,Lunch,2.0
148,0,2,male,36.5,0,2,26.0,S,Second,man,True,F,Southampton,no,False,9.78,1.73,Male,No,Thur,Lunch,2.0
149,0,2,male,42.0,0,0,13.0,S,Second,man,True,,Southampton,no,True,7.51,2.0,Male,No,Thur,Lunch,2.0
150,0,2,male,51.0,0,0,12.525,S,Second,man,True,,Southampton,no,True,14.07,2.5,Male,No,Sun,Dinner,2.0
151,1,1,female,22.0,1,0,66.6,S,First,woman,False,C,Southampton,yes,False,13.13,2.0,Male,No,Sun,Dinner,2.0
152,0,3,male,55.5,0,0,8.05,S,Third,man,True,,Southampton,no,True,17.26,2.74,Male,No,Sun,Dinner,3.0
153,0,3,male,40.5,0,2,14.5,S,Third,man,True,,Southampton,no,False,24.55,2.0,Male,No,Sun,Dinner,4.0
154,0,3,male,,0,0,7.3125,S,Third,man,True,,Southampton,no,True,19.77,2.0,Male,No,Sun,Dinner,4.0
155,0,1,male,51.0,0,1,61.3792,C,First,man,True,,Cherbourg,no,False,29.85,5.14,Female,No,Sun,Dinner,5.0
156,1,3,female,16.0,0,0,7.7333,Q,Third,woman,False,,Queenstown,yes,True,48.17,5.0,Male,No,Sun,Dinner,6.0
157,0,3,male,30.0,0,0,8.05,S,Third,man,True,,Southampton,no,True,25.0,3.75,Female,No,Sun,Dinner,4.0
158,0,3,male,,0,0,8.6625,S,Third,man,True,,Southampton,no,True,13.39,2.61,Female,No,Sun,Dinner,2.0
159,0,3,male,,8,2,69.55,S,Third,man,True,,Southampton,no,False,16.49,2.0,Male,No,Sun,Dinner,4.0
160,0,3,male,44.0,0,1,16.1,S,Third,man,True,,Southampton,no,False,21.5,3.5,Male,No,Sun,Dinner,4.0
161,1,2,female,40.0,0,0,15.75,S,Second,woman,False,,Southampton,yes,True,12.66,2.5,Male,No,Sun,Dinner,2.0
162,0,3,male,26.0,0,0,7.775,S,Third,man,True,,Southampton,no,True,16.21,2.0,Female,No,Sun,Dinner,3.0
163,0,3,male,17.0,0,0,8.6625,S,Third,man,True,,Southampton,no,True,13.81,2.0,Male,No,Sun,Dinner,2.0
164,0,3,male,1.0,4,1,39.6875,S,Third,child,False,,Southampton,no,False,17.51,3.0,Female,Yes,Sun,Dinner,2.0
165,1,3,male,9.0,0,2,20.525,S,Third,child,False,,Southampton,yes,False,24.52,3.48,Male,No,Sun,Dinner,3.0
166,1,1,female,,0,1,55.0,S,First,woman,False,E,Southampton,yes,False,20.76,2.24,Male,No,Sun,Dinner,2.0
167,0,3,female,45.0,1,4,27.9,S,Third,woman,False,,Southampton,no,False,31.71,4.5,Male,No,Sun,Dinner,4.0
168,0,1,male,,0,0,25.925,S,First,man,True,,Southampton,no,True,10.59,1.61,Female,Yes,Sat,Dinner,2.0
169,0,3,male,28.0,0,0,56.4958,S,Third,man,True,,Southampton,no,True,10.63,2.0,Female,Yes,Sat,Dinner,2.0
170,0,1,male,61.0,0,0,33.5,S,First,man,True,B,Southampton,no,True,50.81,10.0,Male,Yes,Sat,Dinner,3.0
171,0,3,male,4.0,4,1,29.125,Q,Third,child,False,,Queenstown,no,False,15.81,3.16,Male,Yes,Sat,Dinner,2.0
172,1,3,female,1.0,1,1,11.1333,S,Third,child,False,,Southampton,yes,False,7.25,5.15,Male,Yes,Sun,Dinner,2.0
173,0,3,male,21.0,0,0,7.925,S,Third,man,True,,Southampton,no,True,31.85,3.18,Male,Yes,Sun,Dinner,2.0
174,0,1,male,56.0,0,0,30.6958,C,First,man,True,A,Cherbourg,no,True,16.82,4.0,Male,Yes,Sun,Dinner,2.0
175,0,3,male,18.0,1,1,7.8542,S,Third,man,True,,Southampton,no,False,32.9,3.11,Male,Yes,Sun,Dinner,2.0
176,0,3,male,,3,1,25.4667,S,Third,man,True,,Southampton,no,False,17.89,2.0,Male,Yes,Sun,Dinner,2.0
177,0,1,female,50.0,0,0,28.7125,C,First,woman,False,C,Cherbourg,no,True,14.48,2.0,Male,Yes,Sun,Dinner,2.0
178,0,2,male,30.0,0,0,13.0,S,Second,man,True,,Southampton,no,True,9.6,4.0,Female,Yes,Sun,Dinner,2.0
179,0,3,male,36.0,0,0,0.0,S,Third,man,True,,Southampton,no,True,34.63,3.55,Male,Yes,Sun,Dinner,2.0
180,0,3,female,,8,2,69.55,S,Third,woman,False,,Southampton,no,False,34.65,3.68,Male,Yes,Sun,Dinner,4.0
181,0,2,male,,0,0,15.05,C,Second,man,True,,Cherbourg,no,True,23.33,5.65,Male,Yes,Sun,Dinner,2.0
182,0,3,male,9.0,4,2,31.3875,S,Third,child,False,,Southampton,no,False,45.35,3.5,Male,Yes,Sun,Dinner,3.0
183,1,2,male,1.0,2,1,39.0,S,Second,child,False,F,Southampton,yes,False,23.17,6.5,Male,Yes,Sun,Dinner,4.0
184,1,3,female,4.0,0,2,22.025,S,Third,child,False,,Southampton,yes,False,40.55,3.0,Male,Yes,Sun,Dinner,2.0
185,0,1,male,,0,0,50.0,S,First,man,True,A,Southampton,no,True,20.69,5.0,Male,No,Sun,Dinner,5.0
186,1,3,female,,1,0,15.5,Q,Third,woman,False,,Queenstown,yes,False,20.9,3.5,Female,Yes,Sun,Dinner,3.0
187,1,1,male,45.0,0,0,26.55,S,First,man,True,,Southampton,yes,True,30.46,2.0,Male,Yes,Sun,Dinner,5.0
188,0,3,male,40.0,1,1,15.5,Q,Third,man,True,,Queenstown,no,False,18.15,3.5,Female,Yes,Sun,Dinner,3.0
189,0,3,male,36.0,0,0,7.8958,S,Third,man,True,,Southampton,no,True,23.1,4.0,Male,Yes,Sun,Dinner,3.0
190,1,2,female,32.0,0,0,13.0,S,Second,woman,False,,Southampton,yes,True,15.69,1.5,Male,Yes,Sun,Dinner,2.0
191,0,2,male,19.0,0,0,13.0,S,Second,man,True,,Southampton,no,True,19.81,4.19,Female,Yes,Thur,Lunch,2.0
192,1,3,female,19.0,1,0,7.8542,S,Third,woman,False,,Southampton,yes,False,28.44,2.56,Male,Yes,Thur,Lunch,2.0
193,1,2,male,3.0,1,1,26.0,S,Second,child,False,F,Southampton,yes,False,15.48,2.02,Male,Yes,Thur,Lunch,2.0
194,1,1,female,44.0,0,0,27.7208,C,First,woman,False,B,Cherbourg,yes,True,16.58,4.0,Male,Yes,Thur,Lunch,2.0
195,1,1,female,58.0,0,0,146.5208,C,First,woman,False,B,Cherbourg,yes,True,7.56,1.44,Male,No,Thur,Lunch,2.0
196,0,3,male,,0,0,7.75,Q,Third,man,True,,Queenstown,no,True,10.34,2.0,Male,Yes,Thur,Lunch,2.0
197,0,3,male,42.0,0,1,8.4042,S,Third,man,True,,Southampton,no,False,43.11,5.0,Female,Yes,Thur,Lunch,4.0
198,1,3,female,,0,0,7.75,Q,Third,woman,False,,Queenstown,yes,True,13.0,2.0,Female,Yes,Thur,Lunch,2.0
199,0,2,female,24.0,0,0,13.0,S,Second,woman,False,,Southampton,no,True,13.51,2.0,Male,Yes,Thur,Lunch,2.0
200,0,3,male,28.0,0,0,9.5,S,Third,man,True,,Southampton,no,True,18.71,4.0,Male,Yes,Thur,Lunch,3.0
201,0,3,male,,8,2,69.55,S,Third,man,True,,Southampton,no,False,12.74,2.01,Female,Yes,Thur,Lunch,2.0
202,0,3,male,34.0,0,0,6.4958,S,Third,man,True,,Southampton,no,True,13.0,2.0,Female,Yes,Thur,Lunch,2.0
203,0,3,male,45.5,0,0,7.225,C,Third,man,True,,Cherbourg,no,True,16.4,2.5,Female,Yes,Thur,Lunch,2.0
204,1,3,male,18.0,0,0,8.05,S,Third,man,True,,Southampton,yes,True,20.53,4.0,Male,Yes,Thur,Lunch,4.0
205,0,3,female,2.0,0,1,10.4625,S,Third,child,False,G,Southampton,no,False,16.47,3.23,Female,Yes,Thur,Lunch,3.0
206,0,3,male,32.0,1,0,15.85,S,Third,man,True,,Southampton,no,False,26.59,3.41,Male,Yes,Sat,Dinner,3.0
207,1,3,male,26.0,0,0,18.7875,C,Third,man,True,,Cherbourg,yes,True,38.73,3.0,Male,Yes,Sat,Dinner,4.0
208,1,3,female,16.0,0,0,7.75,Q,Third,woman,False,,Queenstown,yes,True,24.27,2.03,Male,Yes,Sat,Dinner,2.0
209,1,1,male,40.0,0,0,31.0,C,First,man,True,A,Cherbourg,yes,True,12.76,2.23,Female,Yes,Sat,Dinner,2.0
210,0,3,male,24.0,0,0,7.05,S,Third,man,True,,Southampton,no,True,30.06,2.0,Male,Yes,Sat,Dinner,3.0
211,1,2,female,35.0,0,0,21.0,S,Second,woman,False,,Southampton,yes,True,25.89,5.16,Male,Yes,Sat,Dinner,4.0
212,0,3,male,22.0,0,0,7.25,S,Third,man,True,,Southampton,no,True,48.33,9.0,Male,No,Sat,Dinner,4.0
213,0,2,male,30.0,0,0,13.0,S,Second,man,True,,Southampton,no,True,13.27,2.5,Female,Yes,Sat,Dinner,2.0
214,0,3,male,,1,0,7.75,Q,Third,man,True,,Queenstown,no,False,28.17,6.5,Female,Yes,Sat,Dinner,3.0
215,1,1,female,31.0,1,0,113.275,C,First,woman,False,D,Cherbourg,yes,False,12.9,1.1,Female,Yes,Sat,Dinner,2.0
216,1,3,female,27.0,0,0,7.925,S,Third,woman,False,,Southampton,yes,True,28.15,3.0,Male,Yes,Sat,Dinner,5.0
217,0,2,male,42.0,1,0,27.0,S,Second,man,True,,Southampton,no,False,11.59,1.5,Male,Yes,Sat,Dinner,2.0
218,1,1,female,32.0,0,0,76.2917,C,First,woman,False,D,Cherbourg,yes,True,7.74,1.44,Male,Yes,Sat,Dinner,2.0
219,0,2,male,30.0,0,0,10.5,S,Second,man,True,,Southampton,no,True,30.14,3.09,Female,Yes,Sat,Dinner,4.0
220,1,3,male,16.0,0,0,8.05,S,Third,man,True,,Southampton,yes,True,12.16,2.2,Male,Yes,Fri,Lunch,2.0
221,0,2,male,27.0,0,0,13.0,S,Second,man,True,,Southampton,no,True,13.42,3.48,Female,Yes,Fri,Lunch,2.0
222,0,3,male,51.0,0,0,8.05,S,Third,man,True,,Southampton,no,True,8.58,1.92,Male,Yes,Fri,Lunch,1.0
223,0,3,male,,0,0,7.8958,S,Third,man,True,,Southampton,no,True,15.98,3.0,Female,No,Fri,Lunch,3.0
224,1,1,male,38.0,1,0,90.0,S,First,man,True,C,Southampton,yes,False,13.42,1.58,Male,Yes,Fri,Lunch,2.0
225,0,3,male,22.0,0,0,9.35,S,Third,man,True,,Southampton,no,True,16.27,2.5,Female,Yes,Fri,Lunch,2.0
226,1,2,male,19.0,0,0,10.5,S,Second,man,True,,Southampton,yes,True,10.09,2.0,Female,Yes,Fri,Lunch,2.0
227,0,3,male,20.5,0,0,7.25,S,Third,man,True,,Southampton,no,True,20.45,3.0,Male,No,Sat,Dinner,4.0
228,0,2,male,18.0,0,0,13.0,S,Second,man,True,,Southampton,no,True,13.28,2.72,Male,No,Sat,Dinner,2.0
229,0,3,female,,3,1,25.4667,S,Third,woman,False,,Southampton,no,False,22.12,2.88,Female,Yes,Sat,Dinner,2.0
230,1,1,female,35.0,1,0,83.475,S,First,woman,False,C,Southampton,yes,False,24.01,2.0,Male,Yes,Sat,Dinner,4.0
231,0,3,male,29.0,0,0,7.775,S,Third,man,True,,Southampton,no,True,15.69,3.0,Male,Yes,Sat,Dinner,3.0
232,0,2,male,59.0,0,0,13.5,S,Second,man,True,,Southampton,no,True,11.61,3.39,Male,No,Sat,Dinner,2.0
233,1,3,female,5.0,4,2,31.3875,S,Third,child,False,,Southampton,yes,False,10.77,1.47,Male,No,Sat,Dinner,2.0
234,0,2,male,24.0,0,0,10.5,S,Second,man,True,,Southampton,no,True,15.53,3.0,Male,Yes,Sat,Dinner,2.0
235,0,3,female,,0,0,7.55,S,Third,woman,False,,Southampton,no,True,10.07,1.25,Male,No,Sat,Dinner,2.0
236,0,2,male,44.0,1,0,26.0,S,Second,man,True,,Southampton,no,False,12.6,1.0,Male,Yes,Sat,Dinner,2.0
237,1,2,female,8.0,0,2,26.25,S,Second,child,False,,Southampton,yes,False,32.83,1.17,Male,Yes,Sat,Dinner,2.0
238,0,2,male,19.0,0,0,10.5,S,Second,man,True,,Southampton,no,True,35.83,4.67,Female,No,Sat,Dinner,3.0
239,0,2,male,33.0,0,0,12.275,S,Second,man,True,,Southampton,no,True,29.03,5.92,Male,No,Sat,Dinner,3.0
240,0,3,female,,1,0,14.4542,C,Third,woman,False,,Cherbourg,no,False,27.18,2.0,Female,Yes,Sat,Dinner,2.0
241,1,3,female,,1,0,15.5,Q,Third,woman,False,,Queenstown,yes,False,22.67,2.0,Male,Yes,Sat,Dinner,2.0
242,0,2,male,29.0,0,0,10.5,S,Second,man,True,,Southampton,no,True,17.82,1.75,Male,No,Sat,Dinner,2.0
243,0,3,male,22.0,0,0,7.125,S,Third,man,True,,Southampton,no,True,18.78,3.0,Female,No,Thur,Dinner,2.0
244,0,3,male,30.0,0,0,7.225,C,Third,man,True,,Cherbourg,no,True,,,,,,,
245,0,1,male,44.0,2,0,90.0,Q,First,man,True,C,Queenstown,no,False,,,,,,,
246,0,3,female,25.0,0,0,7.775,S,Third,woman,False,,Southampton,no,True,,,,,,,
247,1,2,female,24.0,0,2,14.5,S,Second,woman,False,,Southampton,yes,False,,,,,,,
248,1,1,male,37.0,1,1,52.5542,S,First,man,True,D,Southampton,yes,False,,,,,,,
249,0,2,male,54.0,1,0,26.0,S,Second,man,True,,Southampton,no,False,,,,,,,
250,0,3,male,,0,0,7.25,S,Third,man,True,,Southampton,no,True,,,,,,,
251,0,3,female,29.0,1,1,10.4625,S,Third,woman,False,G,Southampton,no,False,,,,,,,
252,0,1,male,62.0,0,0,26.55,S,First,man,True,C,Southampton,no,True,,,,,,,
253,0,3,male,30.0,1,0,16.1,S,Third,man,True,,Southampton,no,False,,,,,,,
254,0,3,female,41.0,0,2,20.2125,S,Third,woman,False,,Southampton,no,False,,,,,,,
255,1,3,female,29.0,0,2,15.2458,C,Third,woman,False,,Cherbourg,yes,False,,,,,,,
256,1,1,female,,0,0,79.2,C,First,woman,False,,Cherbourg,yes,True,,,,,,,
257,1,1,female,30.0,0,0,86.5,S,First,woman,False,B,Southampton,yes,True,,,,,,,
258,1,1,female,35.0,0,0,512.3292,C,First,woman,False,,Cherbourg,yes,True,,,,,,,
259,1,2,female,50.0,0,1,26.0,S,Second,woman,False,,Southampton,yes,False,,,,,,,
260,0,3,male,,0,0,7.75,Q,Third,man,True,,Queenstown,no,True,,,,,,,
261,1,3,male,3.0,4,2,31.3875,S,Third,child,False,,Southampton,yes,False,,,,,,,
262,0,1,male,52.0,1,1,79.65,S,First,man,True,E,Southampton,no,False,,,,,,,
263,0,1,male,40.0,0,0,0.0,S,First,man,True,B,Southampton,no,True,,,,,,,
264,0,3,female,,0,0,7.75,Q,Third,woman,False,,Queenstown,no,True,,,,,,,
265,0,2,male,36.0,0,0,10.5,S,Second,man,True,,Southampton,no,True,,,,,,,
266,0,3,male,16.0,4,1,39.6875,S,Third,man,True,,Southampton,no,False,,,,,,,
267,1,3,male,25.0,1,0,7.775,S,Third,man,True,,Southampton,yes,False,,,,,,,
268,1,1,female,58.0,0,1,153.4625,S,First,woman,False,C,Southampton,yes,False,,,,,,,
269,1,1,female,35.0,0,0,135.6333,S,First,woman,False,C,Southampton,yes,True,,,,,,,
270,0,1,male,,0,0,31.0,S,First,man,True,,Southampton,no,True,,,,,,,
271,1,3,male,25.0,0,0,0.0,S,Third,man,True,,Southampton,yes,True,,,,,,,
272,1,2,female,41.0,0,1,19.5,S,Second,woman,False,,Southampton,yes,False,,,,,,,
273,0,1,male,37.0,0,1,29.7,C,First,man,True,C,Cherbourg,no,False,,,,,,,
274,1,3,female,,0,0,7.75,Q,Third,woman,False,,Queenstown,yes,True,,,,,,,
275,1,1,female,63.0,1,0,77.9583,S,First,woman,False,D,Southampton,yes,False,,,,,,,
276,0,3,female,45.0,0,0,7.75,S,Third,woman,False,,Southampton,no,True,,,,,,,
277,0,2,male,,0,0,0.0,S,Second,man,True,,Southampton,no,True,,,,,,,
278,0,3,male,7.0,4,1,29.125,Q,Third,child,False,,Queenstown,no,False,,,,,,,
279,1,3,female,35.0,1,1,20.25,S,Third,woman,False,,Southampton,yes,False,,,,,,,
280,0,3,male,65.0,0,0,7.75,Q,Third,man,True,,Queenstown,no,True,,,,,,,
281,0,3,male,28.0,0,0,7.8542,S,Third,man,True,,Southampton,no,True,,,,,,,
282,0,3,male,16.0,0,0,9.5,S,Third,man,True,,Southampton,no,True,,,,,,,
283,1,3,male,19.0,0,0,8.05,S,Third,man,True,,Southampton,yes,True,,,,,,,
284,0,1,male,,0,0,26.0,S,First,man,True,A,Southampton,no,True,,,,,,,
285,0,3,male,33.0,0,0,8.6625,C,Third,man,True,,Cherbourg,no,True,,,,,,,
286,1,3,male,30.0,0,0,9.5,S,Third,man,True,,Southampton,yes,True,,,,,,,
287,0,3,male,22.0,0,0,7.8958,S,Third,man,True,,Southampton,no,True,,,,,,,
288,1,2,male,42.0,0,0,13.0,S,Second,man,True,,Southampton,yes,True,,,,,,,
289,1,3,female,22.0,0,0,7.75,Q,Third,woman,False,,Queenstown,yes,True,,,,,,,
290,1,1,female,26.0,0,0,78.85,S,First,woman,False,,Southampton,yes,True,,,,,,,
291,1,1,female,19.0,1,0,91.0792,C,First,woman,False,B,Cherbourg,yes,False,,,,,,,
292,0,2,male,36.0,0,0,12.875,C,Second,man,True,D,Cherbourg,no,True,,,,,,,
293,0,3,female,24.0,0,0,8.85,S,Third,woman,False,,Southampton,no,True,,,,,,,
294,0,3,male,24.0,0,0,7.8958,S,Third,man,True,,Southampton,no,True,,,,,,,
295,0,1,male,,0,0,27.7208,C,First,man,True,,Cherbourg,no,True,,,,,,,
296,0,3,male,23.5,0,0,7.2292,C,Third,man,True,,Cherbourg,no,True,,,,,,,
297,0,1,female,2.0,1,2,151.55,S,First,child,False,C,Southampton,no,False,,,,,,,
298,1,1,male,,0,0,30.5,S,First,man,True,C,Southampton,yes,True,,,,,,,
299,1,1,female,50.0,0,1,247.5208,C,First,woman,False,B,Cherbourg,yes,False,,,,,,,
300,1,3,female,,0,0,7.75,Q,Third,woman,False,,Queenstown,yes,True,,,,,,,
301,1,3,male,,2,0,23.25,Q,Third,man,True,,Queenstown,yes,False,,,,,,,
302,0,3,male,19.0,0,0,0.0,S,Third,man,True,,Southampton,no,True,,,,,,,
303,1,2,female,,0,0,12.35,Q,Second,woman,False,E,Queenstown,yes,True,,,,,,,
304,0,3,male,,0,0,8.05,S,Third,man,True,,Southampton,no,True,,,,,,,
305,1,1,male,0.92,1,2,151.55,S,First,child,False,C,Southampton,yes,False,,,,,,,
306,1,1,female,,0,0,110.8833,C,First,woman,False,,Cherbourg,yes,True,,,,,,,
307,1,1,female,17.0,1,0,108.9,C,First,woman,False,C,Cherbourg,yes,False,,,,,,,
308,0,2,male,30.0,1,0,24.0,C,Second,man,True,,Cherbourg,no,False,,,,,,,
309,1,1,female,30.0,0,0,56.9292,C,First,woman,False,E,Cherbourg,yes,True,,,,,,,
310,1,1,female,24.0,0,0,83.1583,C,First,woman,False,C,Cherbourg,yes,True,,,,,,,
311,1,1,female,18.0,2,2,262.375,C,First,woman,False,B,Cherbourg,yes,False,,,,,,,
312,0,2,female,26.0,1,1,26.0,S,Second,woman,False,,Southampton,no,False,,,,,,,
313,0,3,male,28.0,0,0,7.8958,S,Third,man,True,,Southampton,no,True,,,,,,,
314,0,2,male,43.0,1,1,26.25,S,Second,man,True,,Southampton,no,False,,,,,,,
315,1,3,female,26.0,0,0,7.8542,S,Third,woman,False,,Southampton,yes,True,,,,,,,
316,1,2,female,24.0,1,0,26.0,S,Second,woman,False,,Southampton,yes,False,,,,,,,
317,0,2,male,54.0,0,0,14.0,S,Second,man,True,,Southampton,no,True,,,,,,,
318,1,1,female,31.0,0,2,164.8667,S,First,woman,False,C,Southampton,yes,False,,,,,,,
319,1,1,female,40.0,1,1,134.5,C,First,woman,False,E,Cherbourg,yes,False,,,,,,,
320,0,3,male,22.0,0,0,7.25,S,Third,man,True,,Southampton,no,True,,,,,,,
321,0,3,male,27.0,0,0,7.8958,S,Third,man,True,,Southampton,no,True,,,,,,,
322,1,2,female,30.0,0,0,12.35,Q,Second,woman,False,,Queenstown,yes,True,,,,,,,
323,1,2,female,22.0,1,1,29.0,S,Second,woman,False,,Southampton,yes,False,,,,,,,
324,0,3,male,,8,2,69.55,S,Third,man,True,,Southampton,no,False,,,,,,,
325,1,1,female,36.0,0,0,135.6333,C,First,woman,False,C,Cherbourg,yes,True,,,,,,,
326,0,3,male,61.0,0,0,6.2375,S,Third,man,True,,Southampton,no,True,,,,,,,
327,1,2,female,36.0,0,0,13.0,S,Second,woman,False,D,Southampton,yes,True,,,,,,,
328,1,3,female,31.0,1,1,20.525,S,Third,woman,False,,Southampton,yes,False,,,,,,,
329,1,1,female,16.0,0,1,57.9792,C,First,woman,False,B,Cherbourg,yes,False,,,,,,,
330,1,3,female,,2,0,23.25,Q,Third,woman,False,,Queenstown,yes,False,,,,,,,
331,0,1,male,45.5,0,0,28.5,S,First,man,True,C,Southampton,no,True,,,,,,,
332,0,1,male,38.0,0,1,153.4625,S,First,man,True,C,Southampton,no,False,,,,,,,
333,0,3,male,16.0,2,0,18.0,S,Third,man,True,,Southampton,no,False,,,,,,,
334,1,1,female,,1,0,133.65,S,First,woman,False,,Southampton,yes,False,,,,,,,
335,0,3,male,,0,0,7.8958,S,Third,man,True,,Southampton,no,True,,,,,,,
336,0,1,male,29.0,1,0,66.6,S,First,man,True,C,Southampton,no,False,,,,,,,
337,1,1,female,41.0,0,0,134.5,C,First,woman,False,E,Cherbourg,yes,True,,,,,,,
338,1,3,male,45.0,0,0,8.05,S,Third,man,True,,Southampton,yes,True,,,,,,,
339,0,1,male,45.0,0,0,35.5,S,First,man,True,,Southampton,no,True,,,,,,,
340,1,2,male,2.0,1,1,26.0,S,Second,child,False,F,Southampton,yes,False,,,,,,,
341,1,1,female,24.0,3,2,263.0,S,First,woman,False,C,Southampton,yes,False,,,,,,,
342,0,2,male,28.0,0,0,13.0,S,Second,man,True,,Southampton,no,True,,,,,,,
343,0,2,male,25.0,0,0,13.0,S,Second,man,True,,Southampton,no,True,,,,,,,
344,0,2,male,36.0,0,0,13.0,S,Second,man,True,,Southampton,no,True,,,,,,,
345,1,2,female,24.0,0,0,13.0,S,Second,woman,False,F,Southampton,yes,True,,,,,,,
346,1,2,female,40.0,0,0,13.0,S,Second,woman,False,,Southampton,yes,True,,,,,,,
347,1,3,female,,1,0,16.1,S,Third,woman,False,,Southampton,yes,False,,,,,,,
348,1,3,male,3.0,1,1,15.9,S,Third,child,False,,Southampton,yes,False,,,,,,,
349,0,3,male,42.0,0,0,8.6625,S,Third,man,True,,Southampton,no,True,,,,,,,
350,0,3,male,23.0,0,0,9.225,S,Third,man,True,,Southampton,no,True,,,,,,,
351,0,1,male,,0,0,35.0,S,First,man,True,C,Southampton,no,True,,,,,,,
352,0,3,male,15.0,1,1,7.2292,C,Third,child,False,,Cherbourg,no,False,,,,,,,
353,0,3,male,25.0,1,0,17.8,S,Third,man,True,,Southampton,no,False,,,,,,,
354,0,3,male,,0,0,7.225,C,Third,man,True,,Cherbourg,no,True,,,,,,,
355,0,3,male,28.0,0,0,9.5,S,Third,man,True,,Southampton,no,True,,,,,,,
356,1,1,female,22.0,0,1,55.0,S,First,woman,False,E,Southampton,yes,False,,,,,,,
357,0,2,female,38.0,0,0,13.0,S,Second,woman,False,,Southampton,no,True,,,,,,,
358,1,3,female,,0,0,7.8792,Q,Third,woman,False,,Queenstown,yes,True,,,,,,,
359,1,3,female,,0,0,7.8792,Q,Third,woman,False,,Queenstown,yes,True,,,,,,,
360,0,3,male,40.0,1,4,27.9,S,Third,man,True,,Southampton,no,False,,,,,,,
361,0,2,male,29.0,1,0,27.7208,C,Second,man,True,,Cherbourg,no,False,,,,,,,
362,0,3,female,45.0,0,1,14.4542,C,Third,woman,False,,Cherbourg,no,False,,,,,,,
363,0,3,male,35.0,0,0,7.05,S,Third,man,True,,Southampton,no,True,,,,,,,
364,0,3,male,,1,0,15.5,Q,Third,man,True,,Queenstown,no,False,,,,,,,
365,0,3,male,30.0,0,0,7.25,S,Third,man,True,,Southampton,no,True,,,,,,,
366,1,1,female,60.0,1,0,75.25,C,First,woman,False,D,Cherbourg,yes,False,,,,,,,
367,1,3,female,,0,0,7.2292,C,Third,woman,False,,Cherbourg,yes,True,,,,,,,
368,1,3,female,,0,0,7.75,Q,Third,woman,False,,Queenstown,yes,True,,,,,,,
369,1,1,female,24.0,0,0,69.3,C,First,woman,False,B,Cherbourg,yes,True,,,,,,,
370,1,1,male,25.0,1,0,55.4417,C,First,man,True,E,Cherbourg,yes,False,,,,,,,
371,0,3,male,18.0,1,0,6.4958,S,Third,man,True,,Southampton,no,False,,,,,,,
372,0,3,male,19.0,0,0,8.05,S,Third,man,True,,Southampton,no,True,,,,,,,
373,0,1,male,22.0,0,0,135.6333,C,First,man,True,,Cherbourg,no,True,,,,,,,
374,0,3,female,3.0,3,1,21.075,S,Third,child,False,,Southampton,no,False,,,,,,,
375,1,1,female,,1,0,82.1708,C,First,woman,False,,Cherbourg,yes,False,,,,,,,
376,1,3,female,22.0,0,0,7.25,S,Third,woman,False,,Southampton,yes,True,,,,,,,
377,0,1,male,27.0,0,2,211.5,C,First,man,True,C,Cherbourg,no,False,,,,,,,
378,0,3,male,20.0,0,0,4.0125,C,Third,man,True,,Cherbourg,no,True,,,,,,,
379,0,3,male,19.0,0,0,7.775,S,Third,man,True,,Southampton,no,True,,,,,,,
380,1,1,female,42.0,0,0,227.525,C,First,woman,False,,Cherbourg,yes,True,,,,,,,
381,1,3,female,1.0,0,2,15.7417,C,Third,child,False,,Cherbourg,yes,False,,,,,,,
382,0,3,male,32.0,0,0,7.925,S,Third,man,True,,Southampton,no,True,,,,,,,
383,1,1,female,35.0,1,0,52.0,S,First,woman,False,,Southampton,yes,False,,,,,,,
384,0,3,male,,0,0,7.8958,S,Third,man,True,,Southampton,no,True,,,,,,,
385,0,2,male,18.0,0,0,73.5,S,Second,man,True,,Southampton,no,True,,,,,,,
386,0,3,male,1.0,5,2,46.9,S,Third,child,False,,Southampton,no,False,,,,,,,
387,1,2,female,36.0,0,0,13.0,S,Second,woman,False,,Southampton,yes,True,,,,,,,
388,0,3,male,,0,0,7.7292,Q,Third,man,True,,Queenstown,no,True,,,,,,,
389,1,2,female,17.0,0,0,12.0,C,Second,woman,False,,Cherbourg,yes,True,,,,,,,
390,1,1,male,36.0,1,2,120.0,S,First,man,True,B,Southampton,yes,False,,,,,,,
391,1,3,male,21.0,0,0,7.7958,S,Third,man,True,,Southampton,yes,True,,,,,,,
392,0,3,male,28.0,2,0,7.925,S,Third,man,True,,Southampton,no,False,,,,,,,
393,1,1,female,23.0,1,0,113.275,C,First,woman,False,D,Cherbourg,yes,False,,,,,,,
394,1,3,female,24.0,0,2,16.7,S,Third,woman,False,G,Southampton,yes,False,,,,,,,
395,0,3,male,22.0,0,0,7.7958,S,Third,man,True,,Southampton,no,True,,,,,,,
396,0,3,female,31.0,0,0,7.8542,S,Third,woman,False,,Southampton,no,True,,,,,,,
397,0,2,male,46.0,0,0,26.0,S,Second,man,True,,Southampton,no,True,,,,,,,
398,0,2,male,23.0,0,0,10.5,S,Second,man,True,,Southampton,no,True,,,,,,,
399,1,2,female,28.0,0,0,12.65,S,Second,woman,False,,Southampton,yes,True,,,,,,,
400,1,3,male,39.0,0,0,7.925,S,Third,man,True,,Southampton,yes,True,,,,,,,
401,0,3,male,26.0,0,0,8.05,S,Third,man,True,,Southampton,no,True,,,,,,,
402,0,3,female,21.0,1,0,9.825,S,Third,woman,False,,Southampton,no,False,,,,,,,
403,0,3,male,28.0,1,0,15.85,S,Third,man,True,,Southampton,no,False,,,,,,,
404,0,3,female,20.0,0,0,8.6625,S,Third,woman,False,,Southampton,no,True,,,,,,,
405,0,2,male,34.0,1,0,21.0,S,Second,man,True,,Southampton,no,False,,,,,,,
406,0,3,male,51.0,0,0,7.75,S,Third,man,True,,Southampton,no,True,,,,,,,
407,1,2,male,3.0,1,1,18.75,S,Second,child,False,,Southampton,yes,False,,,,,,,
408,0,3,male,21.0,0,0,7.775,S,Third,man,True,,Southampton,no,True,,,,,,,
409,0,3,female,,3,1,25.4667,S,Third,woman,False,,Southampton,no,False,,,,,,,
410,0,3,male,,0,0,7.8958,S,Third,man,True,,Southampton,no,True,,,,,,,
411,0,3,male,,0,0,6.8583,Q,Third,man,True,,Queenstown,no,True,,,,,,,
412,1,1,female,33.0,1,0,90.0,Q,First,woman,False,C,Queenstown,yes,False,,,,,,,
413,0,2,male,,0,0,0.0,S,Second,man,True,,Southampton,no,True,,,,,,,
414,1,3,male,44.0,0,0,7.925,S,Third,man,True,,Southampton,yes,True,,,,,,,
415,0,3,female,,0,0,8.05,S,Third,woman,False,,Southampton,no,True,,,,,,,
416,1,2,female,34.0,1,1,32.5,S,Second,woman,False,,Southampton,yes,False,,,,,,,
417,1,2,female,18.0,0,2,13.0,S,Second,woman,False,,Southampton,yes,False,,,,,,,
418,0,2,male,30.0,0,0,13.0,S,Second,man,True,,Southampton,no,True,,,,,,,
419,0,3,female,10.0,0,2,24.15,S,Third,child,False,,Southampton,no,False,,,,,,,
420,0,3,male,,0,0,7.8958,C,Third,man,True,,Cherbourg,no,True,,,,,,,
421,0,3,male,21.0,0,0,7.7333,Q,Third,man,True,,Queenstown,no,True,,,,,,,
422,0,3,male,29.0,0,0,7.875,S,Third,man,True,,Southampton,no,True,,,,,,,
423,0,3,female,28.0,1,1,14.4,S,Third,woman,False,,Southampton,no,False,,,,,,,
424,0,3,male,18.0,1,1,20.2125,S,Third,man,True,,Southampton,no,False,,,,,,,
425,0,3,male,,0,0,7.25,S,Third,man,True,,Southampton,no,True,,,,,,,
426,1,2,female,28.0,1,0,26.0,S,Second,woman,False,,Southampton,yes,False,,,,,,,
427,1,2,female,19.0,0,0,26.0,S,Second,woman,False,,Southampton,yes,True,,,,,,,
428,0,3,male,,0,0,7.75,Q,Third,man,True,,Queenstown,no,True,,,,,,,
429,1,3,male,32.0,0,0,8.05,S,Third,man,True,E,Southampton,yes,True,,,,,,,
430,1,1,male,28.0,0,0,26.55,S,First,man,True,C,Southampton,yes,True,,,,,,,
431,1,3,female,,1,0,16.1,S,Third,woman,False,,Southampton,yes,False,,,,,,,
432,1,2,female,42.0,1,0,26.0,S,Second,woman,False,,Southampton,yes,False,,,,,,,
433,0,3,male,17.0,0,0,7.125,S,Third,man,True,,Southampton,no,True,,,,,,,
434,0,1,male,50.0,1,0,55.9,S,First,man,True,E,Southampton,no,False,,,,,,,
435,1,1,female,14.0,1,2,120.0,S,First,child,False,B,Southampton,yes,False,,,,,,,
436,0,3,female,21.0,2,2,34.375,S,Third,woman,False,,Southampton,no,False,,,,,,,
437,1,2,female,24.0,2,3,18.75,S,Second,woman,False,,Southampton,yes,False,,,,,,,
438,0,1,male,64.0,1,4,263.0,S,First,man,True,C,Southampton,no,False,,,,,,,
439,0,2,male,31.0,0,0,10.5,S,Second,man,True,,Southampton,no,True,,,,,,,
440,1,2,female,45.0,1,1,26.25,S,Second,woman,False,,Southampton,yes,False,,,,,,,
441,0,3,male,20.0,0,0,9.5,S,Third,man,True,,Southampton,no,True,,,,,,,
442,0,3,male,25.0,1,0,7.775,S,Third,man,True,,Southampton,no,False,,,,,,,
443,1,2,female,28.0,0,0,13.0,S,Second,woman,False,,Southampton,yes,True,,,,,,,
444,1,3,male,,0,0,8.1125,S,Third,man,True,,Southampton,yes,True,,,,,,,
445,1,1,male,4.0,0,2,81.8583,S,First,child,False,A,Southampton,yes,False,,,,,,,
446,1,2,female,13.0,0,1,19.5,S,Second,child,False,,Southampton,yes,False,,,,,,,
447,1,1,male,34.0,0,0,26.55,S,First,man,True,,Southampton,yes,True,,,,,,,
448,1,3,female,5.0,2,1,19.2583,C,Third,child,False,,Cherbourg,yes,False,,,,,,,
449,1,1,male,52.0,0,0,30.5,S,First,man,True,C,Southampton,yes,True,,,,,,,
450,0,2,male,36.0,1,2,27.75,S,Second,man,True,,Southampton,no,False,,,,,,,
451,0,3,male,,1,0,19.9667,S,Third,man,True,,Southampton,no,False,,,,,,,
452,0,1,male,30.0,0,0,27.75,C,First,man,True,C,Cherbourg,no,True,,,,,,,
453,1,1,male,49.0,1,0,89.1042,C,First,man,True,C,Cherbourg,yes,False,,,,,,,
454,0,3,male,,0,0,8.05,S,Third,man,True,,Southampton,no,True,,,,,,,
455,1,3,male,29.0,0,0,7.8958,C,Third,man,True,,Cherbourg,yes,True,,,,,,,
456,0,1,male,65.0,0,0,26.55,S,First,man,True,E,Southampton,no,True,,,,,,,
457,1,1,female,,1,0,51.8625,S,First,woman,False,D,Southampton,yes,False,,,,,,,
458,1,2,female,50.0,0,0,10.5,S,Second,woman,False,,Southampton,yes,True,,,,,,,
459,0,3,male,,0,0,7.75,Q,Third,man,True,,Queenstown,no,True,,,,,,,
460,1,1,male,48.0,0,0,26.55,S,First,man,True,E,Southampton,yes,True,,,,,,,
461,0,3,male,34.0,0,0,8.05,S,Third,man,True,,Southampton,no,True,,,,,,,
462,0,1,male,47.0,0,0,38.5,S,First,man,True,E,Southampton,no,True,,,,,,,
463,0,2,male,48.0,0,0,13.0,S,Second,man,True,,Southampton,no,True,,,,,,,
464,0,3,male,,0,0,8.05,S,Third,man,True,,Southampton,no,True,,,,,,,
465,0,3,male,38.0,0,0,7.05,S,Third,man,True,,Southampton,no,True,,,,,,,
466,0,2,male,,0,0,0.0,S,Second,man,True,,Southampton,no,True,,,,,,,
467,0,1,male,56.0,0,0,26.55,S,First,man,True,,Southampton,no,True,,,,,,,
468,0,3,male,,0,0,7.725,Q,Third,man,True,,Queenstown,no,True,,,,,,,
469,1,3,female,0.75,2,1,19.2583,C,Third,child,False,,Cherbourg,yes,False,,,,,,,
470,0,3,male,,0,0,7.25,S,Third,man,True,,Southampton,no,True,,,,,,,
471,0,3,male,38.0,0,0,8.6625,S,Third,man,True,,Southampton,no,True,,,,,,,
472,1,2,female,33.0,1,2,27.75,S,Second,woman,False,,Southampton,yes,False,,,,,,,
473,1,2,female,23.0,0,0,13.7917,C,Second,woman,False,D,Cherbourg,yes,True,,,,,,,
474,0,3,female,22.0,0,0,9.8375,S,Third,woman,False,,Southampton,no,True,,,,,,,
475,0,1,male,,0,0,52.0,S,First,man,True,A,Southampton,no,True,,,,,,,
476,0,2,male,34.0,1,0,21.0,S,Second,man,True,,Southampton,no,False,,,,,,,
477,0,3,male,29.0,1,0,7.0458,S,Third,man,True,,Southampton,no,False,,,,,,,
478,0,3,male,22.0,0,0,7.5208,S,Third,man,True,,Southampton,no,True,,,,,,,
479,1,3,female,2.0,0,1,12.2875,S,Third,child,False,,Southampton,yes,False,,,,,,,
480,0,3,male,9.0,5,2,46.9,S,Third,child,False,,Southampton,no,False,,,,,,,
481,0,2,male,,0,0,0.0,S,Second,man,True,,Southampton,no,True,,,,,,,
482,0,3,male,50.0,0,0,8.05,S,Third,man,True,,Southampton,no,True,,,,,,,
483,1,3,female,63.0,0,0,9.5875,S,Third,woman,False,,Southampton,yes,True,,,,,,,
484,1,1,male,25.0,1,0,91.0792,C,First,man,True,B,Cherbourg,yes,False,,,,,,,
485,0,3,female,,3,1,25.4667,S,Third,woman,False,,Southampton,no,False,,,,,,,
486,1,1,female,35.0,1,0,90.0,S,First,woman,False,C,Southampton,yes,False,,,,,,,
487,0,1,male,58.0,0,0,29.7,C,First,man,True,B,Cherbourg,no,True,,,,,,,
488,0,3,male,30.0,0,0,8.05,S,Third,man,True,,Southampton,no,True,,,,,,,
489,1,3,male,9.0,1,1,15.9,S,Third,child,False,,Southampton,yes,False,,,,,,,
490,0,3,male,,1,0,19.9667,S,Third,man,True,,Southampton,no,False,,,,,,,
491,0,3,male,21.0,0,0,7.25,S,Third,man,True,,Southampton,no,True,,,,,,,
492,0,1,male,55.0,0,0,30.5,S,First,man,True,C,Southampton,no,True,,,,,,,
493,0,1,male,71.0,0,0,49.5042,C,First,man,True,,Cherbourg,no,True,,,,,,,
494,0,3,male,21.0,0,0,8.05,S,Third,man,True,,Southampton,no,True,,,,,,,
495,0,3,male,,0,0,14.4583,C,Third,man,True,,Cherbourg,no,True,,,,,,,
496,1,1,female,54.0,1,0,78.2667,C,First,woman,False,D,Cherbourg,yes,False,,,,,,,
497,0,3,male,,0,0,15.1,S,Third,man,True,,Southampton,no,True,,,,,,,
498,0,1,female,25.0,1,2,151.55,S,First,woman,False,C,Southampton,no,False,,,,,,,
499,0,3,male,24.0,0,0,7.7958,S,Third,man,True,,Southampton,no,True,,,,,,,
500,0,3,male,17.0,0,0,8.6625,S,Third,man,True,,Southampton,no,True,,,,,,,
501,0,3,female,21.0,0,0,7.75,Q,Third,woman,False,,Queenstown,no,True,,,,,,,
502,0,3,female,,0,0,7.6292,Q,Third,woman,False,,Queenstown,no,True,,,,,,,
503,0,3,female,37.0,0,0,9.5875,S,Third,woman,False,,Southampton,no,True,,,,,,,
504,1,1,female,16.0,0,0,86.5,S,First,woman,False,B,Southampton,yes,True,,,,,,,
505,0,1,male,18.0,1,0,108.9,C,First,man,True,C,Cherbourg,no,False,,,,,,,
506,1,2,female,33.0,0,2,26.0,S,Second,woman,False,,Southampton,yes,False,,,,,,,
507,1,1,male,,0,0,26.55,S,First,man,True,,Southampton,yes,True,,,,,,,
508,0,3,male,28.0,0,0,22.525,S,Third,man,True,,Southampton,no,True,,,,,,,
509,1,3,male,26.0,0,0,56.4958,S,Third,man,True,,Southampton,yes,True,,,,,,,
510,1,3,male,29.0,0,0,7.75,Q,Third,man,True,,Queenstown,yes,True,,,,,,,
511,0,3,male,,0,0,8.05,S,Third,man,True,,Southampton,no,True,,,,,,,
512,1,1,male,36.0,0,0,26.2875,S,First,man,True,E,Southampton,yes,True,,,,,,,
513,1,1,female,54.0,1,0,59.4,C,First,woman,False,,Cherbourg,yes,False,,,,,,,
514,0,3,male,24.0,0,0,7.4958,S,Third,man,True,,Southampton,no,True,,,,,,,
515,0,1,male,47.0,0,0,34.0208,S,First,man,True,D,Southampton,no,True,,,,,,,
516,1,2,female,34.0,0,0,10.5,S,Second,woman,False,F,Southampton,yes,True,,,,,,,
517,0,3,male,,0,0,24.15,Q,Third,man,True,,Queenstown,no,True,,,,,,,
518,1,2,female,36.0,1,0,26.0,S,Second,woman,False,,Southampton,yes,False,,,,,,,
519,0,3,male,32.0,0,0,7.8958,S,Third,man,True,,Southampton,no,True,,,,,,,
520,1,1,female,30.0,0,0,93.5,S,First,woman,False,B,Southampton,yes,True,,,,,,,
521,0,3,male,22.0,0,0,7.8958,S,Third,man,True,,Southampton,no,True,,,,,,,
522,0,3,male,,0,0,7.225,C,Third,man,True,,Cherbourg,no,True,,,,,,,
523,1,1,female,44.0,0,1,57.9792,C,First,woman,False,B,Cherbourg,yes,False,,,,,,,
524,0,3,male,,0,0,7.2292,C,Third,man,True,,Cherbourg,no,True,,,,,,,
525,0,3,male,40.5,0,0,7.75,Q,Third,man,True,,Queenstown,no,True,,,,,,,
526,1,2,female,50.0,0,0,10.5,S,Second,woman,False,,Southampton,yes,True,,,,,,,
527,0,1,male,,0,0,221.7792,S,First,man,True,C,Southampton,no,True,,,,,,,
528,0,3,male,39.0,0,0,7.925,S,Third,man,True,,Southampton,no,True,,,,,,,
529,0,2,male,23.0,2,1,11.5,S,Second,man,True,,Southampton,no,False,,,,,,,
530,1,2,female,2.0,1,1,26.0,S,Second,child,False,,Southampton,yes,False,,,,,,,
531,0,3,male,,0,0,7.2292,C,Third,man,True,,Cherbourg,no,True,,,,,,,
532,0,3,male,17.0,1,1,7.2292,C,Third,man,True,,Cherbourg,no,False,,,,,,,
533,1,3,female,,0,2,22.3583,C,Third,woman,False,,Cherbourg,yes,False,,,,,,,
534,0,3,female,30.0,0,0,8.6625,S,Third,woman,False,,Southampton,no,True,,,,,,,
535,1,2,female,7.0,0,2,26.25,S,Second,child,False,,Southampton,yes,False,,,,,,,
536,0,1,male,45.0,0,0,26.55,S,First,man,True,B,Southampton,no,True,,,,,,,
537,1,1,female,30.0,0,0,106.425,C,First,woman,False,,Cherbourg,yes,True,,,,,,,
538,0,3,male,,0,0,14.5,S,Third,man,True,,Southampton,no,True,,,,,,,
539,1,1,female,22.0,0,2,49.5,C,First,woman,False,B,Cherbourg,yes,False,,,,,,,
540,1,1,female,36.0,0,2,71.0,S,First,woman,False,B,Southampton,yes,False,,,,,,,
541,0,3,female,9.0,4,2,31.275,S,Third,child,False,,Southampton,no,False,,,,,,,
542,0,3,female,11.0,4,2,31.275,S,Third,child,False,,Southampton,no,False,,,,,,,
543,1,2,male,32.0,1,0,26.0,S,Second,man,True,,Southampton,yes,False,,,,,,,
544,0,1,male,50.0,1,0,106.425,C,First,man,True,C,Cherbourg,no,False,,,,,,,
545,0,1,male,64.0,0,0,26.0,S,First,man,True,,Southampton,no,True,,,,,,,
546,1,2,female,19.0,1,0,26.0,S,Second,woman,False,,Southampton,yes,False,,,,,,,
547,1,2,male,,0,0,13.8625,C,Second,man,True,,Cherbourg,yes,True,,,,,,,
548,0,3,male,33.0,1,1,20.525,S,Third,man,True,,Southampton,no,False,,,,,,,
549,1,2,male,8.0,1,1,36.75,S,Second,child,False,,Southampton,yes,False,,,,,,,
550,1,1,male,17.0,0,2,110.8833,C,First,man,True,C,Cherbourg,yes,False,,,,,,,
551,0,2,male,27.0,0,0,26.0,S,Second,man,True,,Southampton,no,True,,,,,,,
552,0,3,male,,0,0,7.8292,Q,Third,man,True,,Queenstown,no,True,,,,,,,
553,1,3,male,22.0,0,0,7.225,C,Third,man,True,,Cherbourg,yes,True,,,,,,,
554,1,3,female,22.0,0,0,7.775,S,Third,woman,False,,Southampton,yes,True,,,,,,,
555,0,1,male,62.0,0,0,26.55,S,First,man,True,,Southampton,no,True,,,,,,,
556,1,1,female,48.0,1,0,39.6,C,First,woman,False,A,Cherbourg,yes,False,,,,,,,
557,0,1,male,,0,0,227.525,C,First,man,True,,Cherbourg,no,True,,,,,,,
558,1,1,female,39.0,1,1,79.65,S,First,woman,False,E,Southampton,yes,False,,,,,,,
559,1,3,female,36.0,1,0,17.4,S,Third,woman,False,,Southampton,yes,False,,,,,,,
560,0,3,male,,0,0,7.75,Q,Third,man,True,,Queenstown,no,True,,,,,,,
561,0,3,male,40.0,0,0,7.8958,S,Third,man,True,,Southampton,no,True,,,,,,,
562,0,2,male,28.0,0,0,13.5,S,Second,man,True,,Southampton,no,True,,,,,,,
563,0,3,male,,0,0,8.05,S,Third,man,True,,Southampton,no,True,,,,,,,
564,0,3,female,,0,0,8.05,S,Third,woman,False,,Southampton,no,True,,,,,,,
565,0,3,male,24.0,2,0,24.15,S,Third,man,True,,Southampton,no,False,,,,,,,
566,0,3,male,19.0,0,0,7.8958,S,Third,man,True,,Southampton,no,True,,,,,,,
567,0,3,female,29.0,0,4,21.075,S,Third,woman,False,,Southampton,no,False,,,,,,,
568,0,3,male,,0,0,7.2292,C,Third,man,True,,Cherbourg,no,True,,,,,,,
569,1,3,male,32.0,0,0,7.8542,S,Third,man,True,,Southampton,yes,True,,,,,,,
570,1,2,male,62.0,0,0,10.5,S,Second,man,True,,Southampton,yes,True,,,,,,,
571,1,1,female,53.0,2,0,51.4792,S,First,woman,False,C,Southampton,yes,False,,,,,,,
572,1,1,male,36.0,0,0,26.3875,S,First,man,True,E,Southampton,yes,True,,,,,,,
573,1,3,female,,0,0,7.75,Q,Third,woman,False,,Queenstown,yes,True,,,,,,,
574,0,3,male,16.0,0,0,8.05,S,Third,man,True,,Southampton,no,True,,,,,,,
575,0,3,male,19.0,0,0,14.5,S,Third,man,True,,Southampton,no,True,,,,,,,
576,1,2,female,34.0,0,0,13.0,S,Second,woman,False,,Southampton,yes,True,,,,,,,
577,1,1,female,39.0,1,0,55.9,S,First,woman,False,E,Southampton,yes,False,,,,,,,
578,0,3,female,,1,0,14.4583,C,Third,woman,False,,Cherbourg,no,False,,,,,,,
579,1,3,male,32.0,0,0,7.925,S,Third,man,True,,Southampton,yes,True,,,,,,,
580,1,2,female,25.0,1,1,30.0,S,Second,woman,False,,Southampton,yes,False,,,,,,,
581,1,1,female,39.0,1,1,110.8833,C,First,woman,False,C,Cherbourg,yes,False,,,,,,,
582,0,2,male,54.0,0,0,26.0,S,Second,man,True,,Southampton,no,True,,,,,,,
583,0,1,male,36.0,0,0,40.125,C,First,man,True,A,Cherbourg,no,True,,,,,,,
584,0,3,male,,0,0,8.7125,C,Third,man,True,,Cherbourg,no,True,,,,,,,
585,1,1,female,18.0,0,2,79.65,S,First,woman,False,E,Southampton,yes,False,,,,,,,
586,0,2,male,47.0,0,0,15.0,S,Second,man,True,,Southampton,no,True,,,,,,,
587,1,1,male,60.0,1,1,79.2,C,First,man,True,B,Cherbourg,yes,False,,,,,,,
588,0,3,male,22.0,0,0,8.05,S,Third,man,True,,Southampton,no,True,,,,,,,
589,0,3,male,,0,0,8.05,S,Third,man,True,,Southampton,no,True,,,,,,,
590,0,3,male,35.0,0,0,7.125,S,Third,man,True,,Southampton,no,True,,,,,,,
591,1,1,female,52.0,1,0,78.2667,C,First,woman,False,D,Cherbourg,yes,False,,,,,,,
592,0,3,male,47.0,0,0,7.25,S,Third,man,True,,Southampton,no,True,,,,,,,
593,0,3,female,,0,2,7.75,Q,Third,woman,False,,Queenstown,no,False,,,,,,,
594,0,2,male,37.0,1,0,26.0,S,Second,man,True,,Southampton,no,False,,,,,,,
595,0,3,male,36.0,1,1,24.15,S,Third,man,True,,Southampton,no,False,,,,,,,
596,1,2,female,,0,0,33.0,S,Second,woman,False,,Southampton,yes,True,,,,,,,
597,0,3,male,49.0,0,0,0.0,S,Third,man,True,,Southampton,no,True,,,,,,,
598,0,3,male,,0,0,7.225,C,Third,man,True,,Cherbourg,no,True,,,,,,,
599,1,1,male,49.0,1,0,56.9292,C,First,man,True,A,Cherbourg,yes,False,,,,,,,
600,1,2,female,24.0,2,1,27.0,S,Second,woman,False,,Southampton,yes,False,,,,,,,
601,0,3,male,,0,0,7.8958,S,Third,man,True,,Southampton,no,True,,,,,,,
602,0,1,male,,0,0,42.4,S,First,man,True,,Southampton,no,True,,,,,,,
603,0,3,male,44.0,0,0,8.05,S,Third,man,True,,Southampton,no,True,,,,,,,
604,1,1,male,35.0,0,0,26.55,C,First,man,True,,Cherbourg,yes,True,,,,,,,
605,0,3,male,36.0,1,0,15.55,S,Third,man,True,,Southampton,no,False,,,,,,,
606,0,3,male,30.0,0,0,7.8958,S,Third,man,True,,Southampton,no,True,,,,,,,
607,1,1,male,27.0,0,0,30.5,S,First,man,True,,Southampton,yes,True,,,,,,,
608,1,2,female,22.0,1,2,41.5792,C,Second,woman,False,,Cherbourg,yes,False,,,,,,,
609,1,1,female,40.0,0,0,153.4625,S,First,woman,False,C,Southampton,yes,True,,,,,,,
610,0,3,female,39.0,1,5,31.275,S,Third,woman,False,,Southampton,no,False,,,,,,,
611,0,3,male,,0,0,7.05,S,Third,man,True,,Southampton,no,True,,,,,,,
612,1,3,female,,1,0,15.5,Q,Third,woman,False,,Queenstown,yes,False,,,,,,,
613,0,3,male,,0,0,7.75,Q,Third,man,True,,Queenstown,no,True,,,,,,,
614,0,3,male,35.0,0,0,8.05,S,Third,man,True,,Southampton,no,True,,,,,,,
615,1,2,female,24.0,1,2,65.0,S,Second,woman,False,,Southampton,yes,False,,,,,,,
616,0,3,male,34.0,1,1,14.4,S,Third,man,True,,Southampton,no,False,,,,,,,
617,0,3,female,26.0,1,0,16.1,S,Third,woman,False,,Southampton,no,False,,,,,,,
618,1,2,female,4.0,2,1,39.0,S,Second,child,False,F,Southampton,yes,False,,,,,,,
619,0,2,male,26.0,0,0,10.5,S,Second,man,True,,Southampton,no,True,,,,,,,
620,0,3,male,27.0,1,0,14.4542,C,Third,man,True,,Cherbourg,no,False,,,,,,,
621,1,1,male,42.0,1,0,52.5542,S,First,man,True,D,Southampton,yes,False,,,,,,,
622,1,3,male,20.0,1,1,15.7417,C,Third,man,True,,Cherbourg,yes,False,,,,,,,
623,0,3,male,21.0,0,0,7.8542,S,Third,man,True,,Southampton,no,True,,,,,,,
624,0,3,male,21.0,0,0,16.1,S,Third,man,True,,Southampton,no,True,,,,,,,
625,0,1,male,61.0,0,0,32.3208,S,First,man,True,D,Southampton,no,True,,,,,,,
626,0,2,male,57.0,0,0,12.35,Q,Second,man,True,,Queenstown,no,True,,,,,,,
627,1,1,female,21.0,0,0,77.9583,S,First,woman,False,D,Southampton,yes,True,,,,,,,
628,0,3,male,26.0,0,0,7.8958,S,Third,man,True,,Southampton,no,True,,,,,,,
629,0,3,male,,0,0,7.7333,Q,Third,man,True,,Queenstown,no,True,,,,,,,
630,1,1,male,80.0,0,0,30.0,S,First,man,True,A,Southampton,yes,True,,,,,,,
631,0,3,male,51.0,0,0,7.0542,S,Third,man,True,,Southampton,no,True,,,,,,,
632,1,1,male,32.0,0,0,30.5,C,First,man,True,B,Cherbourg,yes,True,,,,,,,
633,0,1,male,,0,0,0.0,S,First,man,True,,Southampton,no,True,,,,,,,
634,0,3,female,9.0,3,2,27.9,S,Third,child,False,,Southampton,no,False,,,,,,,
635,1,2,female,28.0,0,0,13.0,S,Second,woman,False,,Southampton,yes,True,,,,,,,
636,0,3,male,32.0,0,0,7.925,S,Third,man,True,,Southampton,no,True,,,,,,,
637,0,2,male,31.0,1,1,26.25,S,Second,man,True,,Southampton,no,False,,,,,,,
638,0,3,female,41.0,0,5,39.6875,S,Third,woman,False,,Southampton,no,False,,,,,,,
639,0,3,male,,1,0,16.1,S,Third,man,True,,Southampton,no,False,,,,,,,
640,0,3,male,20.0,0,0,7.8542,S,Third,man,True,,Southampton,no,True,,,,,,,
641,1,1,female,24.0,0,0,69.3,C,First,woman,False,B,Cherbourg,yes,True,,,,,,,
642,0,3,female,2.0,3,2,27.9,S,Third,child,False,,Southampton,no,False,,,,,,,
643,1,3,male,,0,0,56.4958,S,Third,man,True,,Southampton,yes,True,,,,,,,
644,1,3,female,0.75,2,1,19.2583,C,Third,child,False,,Cherbourg,yes,False,,,,,,,
645,1,1,male,48.0,1,0,76.7292,C,First,man,True,D,Cherbourg,yes,False,,,,,,,
646,0,3,male,19.0,0,0,7.8958,S,Third,man,True,,Southampton,no,True,,,,,,,
647,1,1,male,56.0,0,0,35.5,C,First,man,True,A,Cherbourg,yes,True,,,,,,,
648,0,3,male,,0,0,7.55,S,Third,man,True,,Southampton,no,True,,,,,,,
649,1,3,female,23.0,0,0,7.55,S,Third,woman,False,,Southampton,yes,True,,,,,,,
650,0,3,male,,0,0,7.8958,S,Third,man,True,,Southampton,no,True,,,,,,,
651,1,2,female,18.0,0,1,23.0,S,Second,woman,False,,Southampton,yes,False,,,,,,,
652,0,3,male,21.0,0,0,8.4333,S,Third,man,True,,Southampton,no,True,,,,,,,
653,1,3,female,,0,0,7.8292,Q,Third,woman,False,,Queenstown,yes,True,,,,,,,
654,0,3,female,18.0,0,0,6.75,Q,Third,woman,False,,Queenstown,no,True,,,,,,,
655,0,2,male,24.0,2,0,73.5,S,Second,man,True,,Southampton,no,False,,,,,,,
656,0,3,male,,0,0,7.8958,S,Third,man,True,,Southampton,no,True,,,,,,,
657,0,3,female,32.0,1,1,15.5,Q,Third,woman,False,,Queenstown,no,False,,,,,,,
658,0,2,male,23.0,0,0,13.0,S,Second,man,True,,Southampton,no,True,,,,,,,
659,0,1,male,58.0,0,2,113.275,C,First,man,True,D,Cherbourg,no,False,,,,,,,
660,1,1,male,50.0,2,0,133.65,S,First,man,True,,Southampton,yes,False,,,,,,,
661,0,3,male,40.0,0,0,7.225,C,Third,man,True,,Cherbourg,no,True,,,,,,,
662,0,1,male,47.0,0,0,25.5875,S,First,man,True,E,Southampton,no,True,,,,,,,
663,0,3,male,36.0,0,0,7.4958,S,Third,man,True,,Southampton,no,True,,,,,,,
664,1,3,male,20.0,1,0,7.925,S,Third,man,True,,Southampton,yes,False,,,,,,,
665,0,2,male,32.0,2,0,73.5,S,Second,man,True,,Southampton,no,False,,,,,,,
666,0,2,male,25.0,0,0,13.0,S,Second,man,True,,Southampton,no,True,,,,,,,
667,0,3,male,,0,0,7.775,S,Third,man,True,,Southampton,no,True,,,,,,,
668,0,3,male,43.0,0,0,8.05,S,Third,man,True,,Southampton,no,True,,,,,,,
669,1,1,female,,1,0,52.0,S,First,woman,False,C,Southampton,yes,False,,,,,,,
670,1,2,female,40.0,1,1,39.0,S,Second,woman,False,,Southampton,yes,False,,,,,,,
671,0,1,male,31.0,1,0,52.0,S,First,man,True,B,Southampton,no,False,,,,,,,
672,0,2,male,70.0,0,0,10.5,S,Second,man,True,,Southampton,no,True,,,,,,,
673,1,2,male,31.0,0,0,13.0,S,Second,man,True,,Southampton,yes,True,,,,,,,
674,0,2,male,,0,0,0.0,S,Second,man,True,,Southampton,no,True,,,,,,,
675,0,3,male,18.0,0,0,7.775,S,Third,man,True,,Southampton,no,True,,,,,,,
676,0,3,male,24.5,0,0,8.05,S,Third,man,True,,Southampton,no,True,,,,,,,
677,1,3,female,18.0,0,0,9.8417,S,Third,woman,False,,Southampton,yes,True,,,,,,,
678,0,3,female,43.0,1,6,46.9,S,Third,woman,False,,Southampton,no,False,,,,,,,
679,1,1,male,36.0,0,1,512.3292,C,First,man,True,B,Cherbourg,yes,False,,,,,,,
680,0,3,female,,0,0,8.1375,Q,Third,woman,False,,Queenstown,no,True,,,,,,,
681,1,1,male,27.0,0,0,76.7292,C,First,man,True,D,Cherbourg,yes,True,,,,,,,
682,0,3,male,20.0,0,0,9.225,S,Third,man,True,,Southampton,no,True,,,,,,,
683,0,3,male,14.0,5,2,46.9,S,Third,child,False,,Southampton,no,False,,,,,,,
684,0,2,male,60.0,1,1,39.0,S,Second,man,True,,Southampton,no,False,,,,,,,
685,0,2,male,25.0,1,2,41.5792,C,Second,man,True,,Cherbourg,no,False,,,,,,,
686,0,3,male,14.0,4,1,39.6875,S,Third,child,False,,Southampton,no,False,,,,,,,
687,0,3,male,19.0,0,0,10.1708,S,Third,man,True,,Southampton,no,True,,,,,,,
688,0,3,male,18.0,0,0,7.7958,S,Third,man,True,,Southampton,no,True,,,,,,,
689,1,1,female,15.0,0,1,211.3375,S,First,child,False,B,Southampton,yes,False,,,,,,,
690,1,1,male,31.0,1,0,57.0,S,First,man,True,B,Southampton,yes,False,,,,,,,
691,1,3,female,4.0,0,1,13.4167,C,Third,child,False,,Cherbourg,yes,False,,,,,,,
692,1,3,male,,0,0,56.4958,S,Third,man,True,,Southampton,yes,True,,,,,,,
693,0,3,male,25.0,0,0,7.225,C,Third,man,True,,Cherbourg,no,True,,,,,,,
694,0,1,male,60.0,0,0,26.55,S,First,man,True,,Southampton,no,True,,,,,,,
695,0,2,male,52.0,0,0,13.5,S,Second,man,True,,Southampton,no,True,,,,,,,
696,0,3,male,44.0,0,0,8.05,S,Third,man,True,,Southampton,no,True,,,,,,,
697,1,3,female,,0,0,7.7333,Q,Third,woman,False,,Queenstown,yes,True,,,,,,,
698,0,1,male,49.0,1,1,110.8833,C,First,man,True,C,Cherbourg,no,False,,,,,,,
699,0,3,male,42.0,0,0,7.65,S,Third,man,True,F,Southampton,no,True,,,,,,,
700,1,1,female,18.0,1,0,227.525,C,First,woman,False,C,Cherbourg,yes,False,,,,,,,
701,1,1,male,35.0,0,0,26.2875,S,First,man,True,E,Southampton,yes,True,,,,,,,
702,0,3,female,18.0,0,1,14.4542,C,Third,woman,False,,Cherbourg,no,False,,,,,,,
703,0,3,male,25.0,0,0,7.7417,Q,Third,man,True,,Queenstown,no,True,,,,,,,
704,0,3,male,26.0,1,0,7.8542,S,Third,man,True,,Southampton,no,False,,,,,,,
705,0,2,male,39.0,0,0,26.0,S,Second,man,True,,Southampton,no,True,,,,,,,
706,1,2,female,45.0,0,0,13.5,S,Second,woman,False,,Southampton,yes,True,,,,,,,
707,1,1,male,42.0,0,0,26.2875,S,First,man,True,E,Southampton,yes,True,,,,,,,
708,1,1,female,22.0,0,0,151.55,S,First,woman,False,,Southampton,yes,True,,,,,,,
709,1,3,male,,1,1,15.2458,C,Third,man,True,,Cherbourg,yes,False,,,,,,,
710,1,1,female,24.0,0,0,49.5042,C,First,woman,False,C,Cherbourg,yes,True,,,,,,,
711,0,1,male,,0,0,26.55,S,First,man,True,C,Southampton,no,True,,,,,,,
712,1,1,male,48.0,1,0,52.0,S,First,man,True,C,Southampton,yes,False,,,,,,,
713,0,3,male,29.0,0,0,9.4833,S,Third,man,True,,Southampton,no,True,,,,,,,
714,0,2,male,52.0,0,0,13.0,S,Second,man,True,,Southampton,no,True,,,,,,,
715,0,3,male,19.0,0,0,7.65,S,Third,man,True,F,Southampton,no,True,,,,,,,
716,1,1,female,38.0,0,0,227.525,C,First,woman,False,C,Cherbourg,yes,True,,,,,,,
717,1,2,female,27.0,0,0,10.5,S,Second,woman,False,E,Southampton,yes,True,,,,,,,
718,0,3,male,,0,0,15.5,Q,Third,man,True,,Queenstown,no,True,,,,,,,
719,0,3,male,33.0,0,0,7.775,S,Third,man,True,,Southampton,no,True,,,,,,,
720,1,2,female,6.0,0,1,33.0,S,Second,child,False,,Southampton,yes,False,,,,,,,
721,0,3,male,17.0,1,0,7.0542,S,Third,man,True,,Southampton,no,False,,,,,,,
722,0,2,male,34.0,0,0,13.0,S,Second,man,True,,Southampton,no,True,,,,,,,
723,0,2,male,50.0,0,0,13.0,S,Second,man,True,,Southampton,no,True,,,,,,,
724,1,1,male,27.0,1,0,53.1,S,First,man,True,E,Southampton,yes,False,,,,,,,
725,0,3,male,20.0,0,0,8.6625,S,Third,man,True,,Southampton,no,True,,,,,,,
726,1,2,female,30.0,3,0,21.0,S,Second,woman,False,,Southampton,yes,False,,,,,,,
727,1,3,female,,0,0,7.7375,Q,Third,woman,False,,Queenstown,yes,True,,,,,,,
728,0,2,male,25.0,1,0,26.0,S,Second,man,True,,Southampton,no,False,,,,,,,
729,0,3,female,25.0,1,0,7.925,S,Third,woman,False,,Southampton,no,False,,,,,,,
730,1,1,female,29.0,0,0,211.3375,S,First,woman,False,B,Southampton,yes,True,,,,,,,
731,0,3,male,11.0,0,0,18.7875,C,Third,child,False,,Cherbourg,no,True,,,,,,,
732,0,2,male,,0,0,0.0,S,Second,man,True,,Southampton,no,True,,,,,,,
733,0,2,male,23.0,0,0,13.0,S,Second,man,True,,Southampton,no,True,,,,,,,
734,0,2,male,23.0,0,0,13.0,S,Second,man,True,,Southampton,no,True,,,,,,,
735,0,3,male,28.5,0,0,16.1,S,Third,man,True,,Southampton,no,True,,,,,,,
736,0,3,female,48.0,1,3,34.375,S,Third,woman,False,,Southampton,no,False,,,,,,,
737,1,1,male,35.0,0,0,512.3292,C,First,man,True,B,Cherbourg,yes,True,,,,,,,
738,0,3,male,,0,0,7.8958,S,Third,man,True,,Southampton,no,True,,,,,,,
739,0,3,male,,0,0,7.8958,S,Third,man,True,,Southampton,no,True,,,,,,,
740,1,1,male,,0,0,30.0,S,First,man,True,D,Southampton,yes,True,,,,,,,
741,0,1,male,36.0,1,0,78.85,S,First,man,True,C,Southampton,no,False,,,,,,,
742,1,1,female,21.0,2,2,262.375,C,First,woman,False,B,Cherbourg,yes,False,,,,,,,
743,0,3,male,24.0,1,0,16.1,S,Third,man,True,,Southampton,no,False,,,,,,,
744,1,3,male,31.0,0,0,7.925,S,Third,man,True,,Southampton,yes,True,,,,,,,
745,0,1,male,70.0,1,1,71.0,S,First,man,True,B,Southampton,no,False,,,,,,,
746,0,3,male,16.0,1,1,20.25,S,Third,man,True,,Southampton,no,False,,,,,,,
747,1,2,female,30.0,0,0,13.0,S,Second,woman,False,,Southampton,yes,True,,,,,,,
748,0,1,male,19.0,1,0,53.1,S,First,man,True,D,Southampton,no,False,,,,,,,
749,0,3,male,31.0,0,0,7.75,Q,Third,man,True,,Queenstown,no,True,,,,,,,
750,1,2,female,4.0,1,1,23.0,S,Second,child,False,,Southampton,yes,False,,,,,,,
751,1,3,male,6.0,0,1,12.475,S,Third,child,False,E,Southampton,yes,False,,,,,,,
752,0,3,male,33.0,0,0,9.5,S,Third,man,True,,Southampton,no,True,,,,,,,
753,0,3,male,23.0,0,0,7.8958,S,Third,man,True,,Southampton,no,True,,,,,,,
754,1,2,female,48.0,1,2,65.0,S,Second,woman,False,,Southampton,yes,False,,,,,,,
755,1,2,male,0.67,1,1,14.5,S,Second,child,False,,Southampton,yes,False,,,,,,,
756,0,3,male,28.0,0,0,7.7958,S,Third,man,True,,Southampton,no,True,,,,,,,
757,0,2,male,18.0,0,0,11.5,S,Second,man,True,,Southampton,no,True,,,,,,,
758,0,3,male,34.0,0,0,8.05,S,Third,man,True,,Southampton,no,True,,,,,,,
759,1,1,female,33.0,0,0,86.5,S,First,woman,False,B,Southampton,yes,True,,,,,,,
760,0,3,male,,0,0,14.5,S,Third,man,True,,Southampton,no,True,,,,,,,
761,0,3,male,41.0,0,0,7.125,S,Third,man,True,,Southampton,no,True,,,,,,,
762,1,3,male,20.0,0,0,7.2292,C,Third,man,True,,Cherbourg,yes,True,,,,,,,
763,1,1,female,36.0,1,2,120.0,S,First,woman,False,B,Southampton,yes,False,,,,,,,
764,0,3,male,16.0,0,0,7.775,S,Third,man,True,,Southampton,no,True,,,,,,,
765,1,1,female,51.0,1,0,77.9583,S,First,woman,False,D,Southampton,yes,False,,,,,,,
766,0,1,male,,0,0,39.6,C,First,man,True,,Cherbourg,no,True,,,,,,,
767,0,3,female,30.5,0,0,7.75,Q,Third,woman,False,,Queenstown,no,True,,,,,,,
768,0,3,male,,1,0,24.15,Q,Third,man,True,,Queenstown,no,False,,,,,,,
769,0,3,male,32.0,0,0,8.3625,S,Third,man,True,,Southampton,no,True,,,,,,,
770,0,3,male,24.0,0,0,9.5,S,Third,man,True,,Southampton,no,True,,,,,,,
771,0,3,male,48.0,0,0,7.8542,S,Third,man,True,,Southampton,no,True,,,,,,,
772,0,2,female,57.0,0,0,10.5,S,Second,woman,False,E,Southampton,no,True,,,,,,,
773,0,3,male,,0,0,7.225,C,Third,man,True,,Cherbourg,no,True,,,,,,,
774,1,2,female,54.0,1,3,23.0,S,Second,woman,False,,Southampton,yes,False,,,,,,,
775,0,3,male,18.0,0,0,7.75,S,Third,man,True,,Southampton,no,True,,,,,,,
776,0,3,male,,0,0,7.75,Q,Third,man,True,F,Queenstown,no,True,,,,,,,
777,1,3,female,5.0,0,0,12.475,S,Third,child,False,,Southampton,yes,True,,,,,,,
778,0,3,male,,0,0,7.7375,Q,Third,man,True,,Queenstown,no,True,,,,,,,
779,1,1,female,43.0,0,1,211.3375,S,First,woman,False,B,Southampton,yes,False,,,,,,,
780,1,3,female,13.0,0,0,7.2292,C,Third,child,False,,Cherbourg,yes,True,,,,,,,
781,1,1,female,17.0,1,0,57.0,S,First,woman,False,B,Southampton,yes,False,,,,,,,
782,0,1,male,29.0,0,0,30.0,S,First,man,True,D,Southampton,no,True,,,,,,,
783,0,3,male,,1,2,23.45,S,Third,man,True,,Southampton,no,False,,,,,,,
784,0,3,male,25.0,0,0,7.05,S,Third,man,True,,Southampton,no,True,,,,,,,
785,0,3,male,25.0,0,0,7.25,S,Third,man,True,,Southampton,no,True,,,,,,,
786,1,3,female,18.0,0,0,7.4958,S,Third,woman,False,,Southampton,yes,True,,,,,,,
787,0,3,male,8.0,4,1,29.125,Q,Third,child,False,,Queenstown,no,False,,,,,,,
788,1,3,male,1.0,1,2,20.575,S,Third,child,False,,Southampton,yes,False,,,,,,,
789,0,1,male,46.0,0,0,79.2,C,First,man,True,B,Cherbourg,no,True,,,,,,,
790,0,3,male,,0,0,7.75,Q,Third,man,True,,Queenstown,no,True,,,,,,,
791,0,2,male,16.0,0,0,26.0,S,Second,man,True,,Southampton,no,True,,,,,,,
792,0,3,female,,8,2,69.55,S,Third,woman,False,,Southampton,no,False,,,,,,,
793,0,1,male,,0,0,30.6958,C,First,man,True,,Cherbourg,no,True,,,,,,,
794,0,3,male,25.0,0,0,7.8958,S,Third,man,True,,Southampton,no,True,,,,,,,
795,0,2,male,39.0,0,0,13.0,S,Second,man,True,,Southampton,no,True,,,,,,,
796,1,1,female,49.0,0,0,25.9292,S,First,woman,False,D,Southampton,yes,True,,,,,,,
797,1,3,female,31.0,0,0,8.6833,S,Third,woman,False,,Southampton,yes,True,,,,,,,
798,0,3,male,30.0,0,0,7.2292,C,Third,man,True,,Cherbourg,no,True,,,,,,,
799,0,3,female,30.0,1,1,24.15,S,Third,woman,False,,Southampton,no,False,,,,,,,
800,0,2,male,34.0,0,0,13.0,S,Second,man,True,,Southampton,no,True,,,,,,,
801,1,2,female,31.0,1,1,26.25,S,Second,woman,False,,Southampton,yes,False,,,,,,,
802,1,1,male,11.0,1,2,120.0,S,First,child,False,B,Southampton,yes,False,,,,,,,
803,1,3,male,0.42,0,1,8.5167,C,Third,child,False,,Cherbourg,yes,False,,,,,,,
804,1,3,male,27.0,0,0,6.975,S,Third,man,True,,Southampton,yes,True,,,,,,,
805,0,3,male,31.0,0,0,7.775,S,Third,man,True,,Southampton,no,True,,,,,,,
806,0,1,male,39.0,0,0,0.0,S,First,man,True,A,Southampton,no,True,,,,,,,
807,0,3,female,18.0,0,0,7.775,S,Third,woman,False,,Southampton,no,True,,,,,,,
808,0,2,male,39.0,0,0,13.0,S,Second,man,True,,Southampton,no,True,,,,,,,
809,1,1,female,33.0,1,0,53.1,S,First,woman,False,E,Southampton,yes,False,,,,,,,
810,0,3,male,26.0,0,0,7.8875,S,Third,man,True,,Southampton,no,True,,,,,,,
811,0,3,male,39.0,0,0,24.15,S,Third,man,True,,Southampton,no,True,,,,,,,
812,0,2,male,35.0,0,0,10.5,S,Second,man,True,,Southampton,no,True,,,,,,,
813,0,3,female,6.0,4,2,31.275,S,Third,child,False,,Southampton,no,False,,,,,,,
814,0,3,male,30.5,0,0,8.05,S,Third,man,True,,Southampton,no,True,,,,,,,
815,0,1,male,,0,0,0.0,S,First,man,True,B,Southampton,no,True,,,,,,,
816,0,3,female,23.0,0,0,7.925,S,Third,woman,False,,Southampton,no,True,,,,,,,
817,0,2,male,31.0,1,1,37.0042,C,Second,man,True,,Cherbourg,no,False,,,,,,,
818,0,3,male,43.0,0,0,6.45,S,Third,man,True,,Southampton,no,True,,,,,,,
819,0,3,male,10.0,3,2,27.9,S,Third,child,False,,Southampton,no,False,,,,,,,
820,1,1,female,52.0,1,1,93.5,S,First,woman,False,B,Southampton,yes,False,,,,,,,
821,1,3,male,27.0,0,0,8.6625,S,Third,man,True,,Southampton,yes,True,,,,,,,
822,0,1,male,38.0,0,0,0.0,S,First,man,True,,Southampton,no,True,,,,,,,
823,1,3,female,27.0,0,1,12.475,S,Third,woman,False,E,Southampton,yes,False,,,,,,,
824,0,3,male,2.0,4,1,39.6875,S,Third,child,False,,Southampton,no,False,,,,,,,
825,0,3,male,,0,0,6.95,Q,Third,man,True,,Queenstown,no,True,,,,,,,
826,0,3,male,,0,0,56.4958,S,Third,man,True,,Southampton,no,True,,,,,,,
827,1,2,male,1.0,0,2,37.0042,C,Second,child,False,,Cherbourg,yes,False,,,,,,,
828,1,3,male,,0,0,7.75,Q,Third,man,True,,Queenstown,yes,True,,,,,,,
829,1,1,female,62.0,0,0,80.0,,First,woman,False,B,,yes,True,,,,,,,
830,1,3,female,15.0,1,0,14.4542,C,Third,child,False,,Cherbourg,yes,False,,,,,,,
831,1,2,male,0.83,1,1,18.75,S,Second,child,False,,Southampton,yes,False,,,,,,,
832,0,3,male,,0,0,7.2292,C,Third,man,True,,Cherbourg,no,True,,,,,,,
833,0,3,male,23.0,0,0,7.8542,S,Third,man,True,,Southampton,no,True,,,,,,,
834,0,3,male,18.0,0,0,8.3,S,Third,man,True,,Southampton,no,True,,,,,,,
835,1,1,female,39.0,1,1,83.1583,C,First,woman,False,E,Cherbourg,yes,False,,,,,,,
836,0,3,male,21.0,0,0,8.6625,S,Third,man,True,,Southampton,no,True,,,,,,,
837,0,3,male,,0,0,8.05,S,Third,man,True,,Southampton,no,True,,,,,,,
838,1,3,male,32.0,0,0,56.4958,S,Third,man,True,,Southampton,yes,True,,,,,,,
839,1,1,male,,0,0,29.7,C,First,man,True,C,Cherbourg,yes,True,,,,,,,
840,0,3,male,20.0,0,0,7.925,S,Third,man,True,,Southampton,no,True,,,,,,,
841,0,2,male,16.0,0,0,10.5,S,Second,man,True,,Southampton,no,True,,,,,,,
842,1,1,female,30.0,0,0,31.0,C,First,woman,False,,Cherbourg,yes,True,,,,,,,
843,0,3,male,34.5,0,0,6.4375,C,Third,man,True,,Cherbourg,no,True,,,,,,,
844,0,3,male,17.0,0,0,8.6625,S,Third,man,True,,Southampton,no,True,,,,,,,
845,0,3,male,42.0,0,0,7.55,S,Third,man,True,,Southampton,no,True,,,,,,,
846,0,3,male,,8,2,69.55,S,Third,man,True,,Southampton,no,False,,,,,,,
847,0,3,male,35.0,0,0,7.8958,C,Third,man,True,,Cherbourg,no,True,,,,,,,
848,0,2,male,28.0,0,1,33.0,S,Second,man,True,,Southampton,no,False,,,,,,,
849,1,1,female,,1,0,89.1042,C,First,woman,False,C,Cherbourg,yes,False,,,,,,,
850,0,3,male,4.0,4,2,31.275,S,Third,child,False,,Southampton,no,False,,,,,,,
851,0,3,male,74.0,0,0,7.775,S,Third,man,True,,Southampton,no,True,,,,,,,
852,0,3,female,9.0,1,1,15.2458,C,Third,child,False,,Cherbourg,no,False,,,,,,,
853,1,1,female,16.0,0,1,39.4,S,First,woman,False,D,Southampton,yes,False,,,,,,,
854,0,2,female,44.0,1,0,26.0,S,Second,woman,False,,Southampton,no,False,,,,,,,
855,1,3,female,18.0,0,1,9.35,S,Third,woman,False,,Southampton,yes,False,,,,,,,
856,1,1,female,45.0,1,1,164.8667,S,First,woman,False,,Southampton,yes,False,,,,,,,
857,1,1,male,51.0,0,0,26.55,S,First,man,True,E,Southampton,yes,True,,,,,,,
858,1,3,female,24.0,0,3,19.2583,C,Third,woman,False,,Cherbourg,yes,False,,,,,,,
859,0,3,male,,0,0,7.2292,C,Third,man,True,,Cherbourg,no,True,,,,,,,
860,0,3,male,41.0,2,0,14.1083,S,Third,man,True,,Southampton,no,False,,,,,,,
861,0,2,male,21.0,1,0,11.5,S,Second,man,True,,Southampton,no,False,,,,,,,
862,1,1,female,48.0,0,0,25.9292,S,First,woman,False,D,Southampton,yes,True,,,,,,,
863,0,3,female,,8,2,69.55,S,Third,woman,False,,Southampton,no,False,,,,,,,
864,0,2,male,24.0,0,0,13.0,S,Second,man,True,,Southampton,no,True,,,,,,,
865,1,2,female,42.0,0,0,13.0,S,Second,woman,False,,Southampton,yes,True,,,,,,,
866,1,2,female,27.0,1,0,13.8583,C,Second,woman,False,,Cherbourg,yes,False,,,,,,,
867,0,1,male,31.0,0,0,50.4958,S,First,man,True,A,Southampton,no,True,,,,,,,
868,0,3,male,,0,0,9.5,S,Third,man,True,,Southampton,no,True,,,,,,,
869,1,3,male,4.0,1,1,11.1333,S,Third,child,False,,Southampton,yes,False,,,,,,,
870,0,3,male,26.0,0,0,7.8958,S,Third,man,True,,Southampton,no,True,,,,,,,
871,1,1,female,47.0,1,1,52.5542,S,First,woman,False,D,Southampton,yes,False,,,,,,,
872,0,1,male,33.0,0,0,5.0,S,First,man,True,B,Southampton,no,True,,,,,,,
873,0,3,male,47.0,0,0,9.0,S,Third,man,True,,Southampton,no,True,,,,,,,
874,1,2,female,28.0,1,0,24.0,C,Second,woman,False,,Cherbourg,yes,False,,,,,,,
875,1,3,female,15.0,0,0,7.225,C,Third,child,False,,Cherbourg,yes,True,,,,,,,
876,0,3,male,20.0,0,0,9.8458,S,Third,man,True,,Southampton,no,True,,,,,,,
877,0,3,male,19.0,0,0,7.8958,S,Third,man,True,,Southampton,no,True,,,,,,,
878,0,3,male,,0,0,7.8958,S,Third,man,True,,Southampton,no,True,,,,,,,
879,1,1,female,56.0,0,1,83.1583,C,First,woman,False,C,Cherbourg,yes,False,,,,,,,
880,1,2,female,25.0,0,1,26.0,S,Second,woman,False,,Southampton,yes,False,,,,,,,
881,0,3,male,33.0,0,0,7.8958,S,Third,man,True,,Southampton,no,True,,,,,,,
882,0,3,female,22.0,0,0,10.5167,S,Third,woman,False,,Southampton,no,True,,,,,,,
883,0,2,male,28.0,0,0,10.5,S,Second,man,True,,Southampton,no,True,,,,,,,
884,0,3,male,25.0,0,0,7.05,S,Third,man,True,,Southampton,no,True,,,,,,,
885,0,3,female,39.0,0,5,29.125,Q,Third,woman,False,,Queenstown,no,False,,,,,,,
886,0,2,male,27.0,0,0,13.0,S,Second,man,True,,Southampton,no,True,,,,,,,
887,1,1,female,19.0,0,0,30.0,S,First,woman,False,B,Southampton,yes,True,,,,,,,
888,0,3,female,,1,2,23.45,S,Third,woman,False,,Southampton,no,False,,,,,,,
889,1,1,male,26.0,0,0,30.0,C,First,man,True,C,Cherbourg,yes,True,,,,,,,
890,0,3,male,32.0,0,0,7.75,Q,Third,man,True,,Queenstown,no,True,,,,,,,
